xai_id,condition,architecture,seed,sample_index,sampling_stratum,image_id,true_label,prob_pneumonia,threshold,pred_label,is_correct,gcam_lrr_plus,gcam_lrr_abs,gcam_lrr_chance,gcam_lrr_enrichment,guided_gcam_lrr_plus,guided_gcam_lrr_abs,guided_gcam_lrr_enrichment,gcam_pointing_inside_lung,guided_gcam_pointing_inside_lung,gcam_argmax_x,gcam_argmax_y,guided_gcam_argmax_x,guided_gcam_argmax_y,gcam_deletion_auc,gcam_insertion_auc,guided_gcam_deletion_auc,guided_gcam_insertion_auc,gcam_input_stability_lrr_delta,guided_gcam_input_stability_lrr_delta,gcam_head_randomization_corr,guided_gcam_head_randomization_corr,checkpoint_path
E02_XAI_D_P_DenseNet121,D-P,DenseNet121,42,0,normal,E-03B36F677CCFA6787A3BC686.jpeg,0,0.8063738108604547,0.5634765625,1,0,0.765396006093246,0.765395998954773,0.3590850830078125,2.131517131488844,0.8262770651720027,0.8262770771980286,2.3010620721162782,1,1,207,144,212,166,0.7290822417477029,0.8985224492522424,0.7364874887600353,0.8876681915459352,0.00022076429223438776,0.00012400099922471597,0.8575549992287398,0.8493038727853274,/kaggle/input/datasets/hintrngia/locked-densenet-xai-inputs/D-P/DenseNet121/seed_42/best_checkpoint.pt
E02_XAI_D_P_DenseNet121,D-P,DenseNet121,42,1,normal,E-06530ECE35CCF9FF05F7DDEB.jpeg,0,0.011498812058644189,0.5634765625,0,1,0.722508149584918,0.7225081324577332,0.2779541015625,2.5993793418531617,0.6883174693297274,0.6883174777030945,2.4763709744177103,1,1,80,80,99,89,0.7093164162034373,0.7734588648319187,0.5987048176996967,0.8699687113910801,0.000220996272099927,0.0009740054327618264,0.9612694676809854,0.9594465435347793,/kaggle/input/datasets/hintrngia/locked-densenet-xai-inputs/D-P/DenseNet121/seed_42/best_checkpoint.pt
E02_XAI_D_P_DenseNet121,D-P,DenseNet121,42,2,normal,E-10FEC5D206E4A3A02E4F32C9.jpeg,0,0.12071091684220536,0.5634765625,0,1,0.7428879348679037,0.7428879141807556,0.2476806640625,2.9993780002158044,0.811223306646692,0.8112233281135559,3.2752791168308035,1,1,111,80,116,122,0.48316324142016953,0.7341071300832192,0.39899018555757915,0.7484342438590273,0.0013241297061233892,0.000652463186566421,-0.11216058737833785,-0.03695077237528728,/kaggle/input/datasets/hintrngia/locked-densenet-xai-inputs/D-P/DenseNet121/seed_42/best_checkpoint.pt
E02_XAI_D_P_DenseNet121,D-P,DenseNet121,42,3,normal,E-16E04AC17A9CE052EFE7227B.jpeg,0,0.06722721048271514,0.5634765625,0,1,0.7842506572505724,0.7842506766319275,0.3753509521484375,2.089379693222225,0.7692880167618042,0.7692880034446716,2.049516625330363,1,1,80,80,86,82,0.6000312684157958,0.7223470942999107,0.5956251391582086,0.8105902849435673,0.00023771686483153864,9.820736416155107e-05,0.9753028152649715,0.9782502541958346,/kaggle/input/datasets/hintrngia/locked-densenet-xai-inputs/D-P/DenseNet121/seed_42/best_checkpoint.pt
E02_XAI_D_P_DenseNet121,D-P,DenseNet121,42,4,normal,E-256958BC036CED77CAAB2A55.jpeg,0,0.1434791363840053,0.5634765625,0,1,0.7516848326559052,0.751684844493866,0.3496246337890625,2.1499767465167112,0.755719198202431,0.7557191848754883,2.1615158806526655,1,1,80,80,89,77,0.22530263694518474,0.7013909295863221,0.18498912330957057,0.7612324783667503,0.00022541579780177567,0.0006340693049354806,0.08651078092980265,0.16914239557338534,/kaggle/input/datasets/hintrngia/locked-densenet-xai-inputs/D-P/DenseNet121/seed_42/best_checkpoint.pt
E02_XAI_D_P_DenseNet121,D-P,DenseNet121,42,5,normal,E-280031A047E47DC7EA750C62.jpeg,0,0.019325275968946343,0.5634765625,0,1,0.7766214668112497,0.7766214609146118,0.3791046142578125,2.048567697683319,0.7747980845617441,0.7747980952262878,2.043757990333607,1,1,80,79,104,83,0.7997325951825329,0.7744887337793919,0.7201619731590821,0.8659556512679465,6.133025857824048e-05,0.0012193819694409358,0.6056088836824283,0.6902936710484996,/kaggle/input/datasets/hintrngia/locked-densenet-xai-inputs/D-P/DenseNet121/seed_42/best_checkpoint.pt
E02_XAI_D_P_DenseNet121,D-P,DenseNet121,42,6,normal,E-28020DB22FEE86C7B17E72DA.jpeg,0,0.2370817695652877,0.5634765625,0,1,0.7894450950598736,0.7894451022148132,0.3710174560546875,2.1277842381181937,0.7752975833593144,0.7752975821495056,2.0896525775462074,1,1,80,80,83,80,0.25691058529957345,0.4949189032497654,0.22548867549991586,0.5270914236028392,4.734328592315151e-05,0.000645277777293285,0.7670948372806059,0.8761642361276704,/kaggle/input/datasets/hintrngia/locked-densenet-xai-inputs/D-P/DenseNet121/seed_42/best_checkpoint.pt
E02_XAI_D_P_DenseNet121,D-P,DenseNet121,42,7,normal,E-28234EA54B2F1B13D8D5995E.jpeg,0,0.503403190588646,0.5634765625,0,1,0.7987838254803501,0.7987838387489319,0.3462677001953125,2.306838971783379,0.8016819304527859,0.8016819357872009,2.315208522194235,1,1,175,176,186,178,0.24926734865982156,0.30550119215299654,0.1846711909149149,0.3030344937352573,0.0031321116409587235,0.004236560734430905,0.4638249650084817,0.59164733078556,/kaggle/input/datasets/hintrngia/locked-densenet-xai-inputs/D-P/DenseNet121/seed_42/best_checkpoint.pt
E02_XAI_D_P_DenseNet121,D-P,DenseNet121,42,8,normal,E-28CAAFCB1AFEEA2D46764B17.jpeg,0,0.7586903609288713,0.5634765625,1,0,0.7693721250722482,0.7693721055984497,0.38934326171875,1.97607664166542,0.7916712279535306,0.7916712164878845,2.033350274148087,1,1,48,143,42,136,0.8191125496061369,0.904132340356501,0.734370858498693,0.9184013477230983,0.0023598651921546976,0.008288618890967436,0.2117652471200239,0.3456465771515371,/kaggle/input/datasets/hintrngia/locked-densenet-xai-inputs/D-P/DenseNet121/seed_42/best_checkpoint.pt
E02_XAI_D_P_DenseNet121,D-P,DenseNet121,42,9,normal,E-29AE82E82E5A6A48DC6D8B99.jpeg,0,0.1342395965988963,0.5634765625,0,1,0.7513073688497296,0.7513073682785034,0.3269195556640625,2.29814141073213,0.782923779072102,0.7829237580299377,2.3948514718912146,1,1,80,80,83,78,0.4405152421510255,0.6435822459273425,0.4067102462696869,0.7143057058405556,7.368068821289597e-06,0.0009508032364056174,0.8549837595433518,0.8942910670277641,/kaggle/input/datasets/hintrngia/locked-densenet-xai-inputs/D-P/DenseNet121/seed_42/best_checkpoint.pt
E02_XAI_D_P_DenseNet121,D-P,DenseNet121,42,10,normal,E-2B646E91E652E02CC65E6BA0.jpeg,0,0.004186450227652803,0.5634765625,0,1,0.7622725128141516,0.7622725367546082,0.2742767333984375,2.7792095354541444,0.8127004668486398,0.8127004504203796,2.9630674712318474,1,1,111,80,107,124,0.7460933849846194,0.8979886755994209,0.6776972213242964,0.9360304450694927,0.00034217399212310706,0.001259084039356262,0.9834102345999308,0.979703279976613,/kaggle/input/datasets/hintrngia/locked-densenet-xai-inputs/D-P/DenseNet121/seed_42/best_checkpoint.pt
E02_XAI_D_P_DenseNet121,D-P,DenseNet121,42,11,normal,E-2F227E134B6699426A9E9AB9.jpeg,0,0.09240297785613144,0.5634765625,0,1,0.7398049616474872,0.7398049831390381,0.3509368896484375,2.1080854805221847,0.7520207552988412,0.7520207762718201,2.14289457016674,1,1,80,80,99,70,0.4459398693076729,0.4595904373262436,0.29264746726797763,0.6269357612317965,2.1234482336485172e-05,0.00028338249335935206,0.8205554744774192,0.8901797976838455,/kaggle/input/datasets/hintrngia/locked-densenet-xai-inputs/D-P/DenseNet121/seed_42/best_checkpoint.pt
E02_XAI_D_P_DenseNet121,D-P,DenseNet121,42,12,normal,E-2F5E9CF0C3839769BD6D37AD.jpeg,0,0.505700490696551,0.5634765625,0,1,0.7589013379364541,0.7589013576507568,0.3790740966796875,2.0019868004268186,0.777373704888254,0.777373731136322,2.0507170278773343,1,1,111,79,94,77,0.28134019318911097,0.33916450662270725,0.25245825823765927,0.4897706134711094,0.00025764679248518885,0.0012420859371257142,0.7985197499326137,0.9119551378790675,/kaggle/input/datasets/hintrngia/locked-densenet-xai-inputs/D-P/DenseNet121/seed_42/best_checkpoint.pt
E02_XAI_D_P_DenseNet121,D-P,DenseNet121,42,13,normal,E-306538194ADB5E9E447B7A10.jpeg,0,0.03196696368266658,0.5634765625,0,1,0.7154709820270991,0.7154709696769714,0.2563934326171875,2.790519923711716,0.6983920728895675,0.6983920931816101,2.7239078074683505,1,1,80,80,107,78,0.6567556414084652,0.7049268943683344,0.5597899345992265,0.8053354920996547,9.658120347333377e-05,0.00034820031972115917,0.2791257995966462,0.21505690993261556,/kaggle/input/datasets/hintrngia/locked-densenet-xai-inputs/D-P/DenseNet121/seed_42/best_checkpoint.pt
E02_XAI_D_P_DenseNet121,D-P,DenseNet121,42,14,normal,E-36FB7A78C2BFA1A3824C3EFA.jpeg,0,0.32660959981350224,0.5634765625,0,1,0.7494735843233022,0.7494735717773438,0.3275299072265625,2.288259996376051,0.7848161949185262,0.7848162055015564,2.3961665106070593,1,1,80,80,109,79,0.2629777401716562,0.43111834187009646,0.2114589651553156,0.51920578818672,0.0010587575266132188,0.0009588046850887988,0.971571362285732,0.9161241329150202,/kaggle/input/datasets/hintrngia/locked-densenet-xai-inputs/D-P/DenseNet121/seed_42/best_checkpoint.pt
E02_XAI_D_P_DenseNet121,D-P,DenseNet121,42,15,normal,E-3B865A0E9283DC8B3D382B5F.jpeg,0,0.9771020104952937,0.5634765625,1,0,0.7332389022283241,0.7332388758659363,0.360931396484375,2.031518757776082,0.7643714639701477,0.7643714547157288,2.117774932897083,1,1,207,207,210,214,0.9715397530914021,0.9092885355242396,0.9228164124726314,0.9464269030861842,0.0011984888261518112,0.002219039932951028,0.8928565181315921,0.9462362785802869,/kaggle/input/datasets/hintrngia/locked-densenet-xai-inputs/D-P/DenseNet121/seed_42/best_checkpoint.pt
E02_XAI_D_P_DenseNet121,D-P,DenseNet121,42,16,normal,E-3D66EC3C4F2D4073FE577EEA.jpeg,0,0.11051844196340005,0.5634765625,0,1,0.7325226061221567,0.7325226068496704,0.2598114013671875,2.8194398023622282,0.7454249570630607,0.7454249858856201,2.869100251722837,1,1,111,80,101,79,0.5212005827298878,0.6053077587164869,0.4858370841396018,0.7322039679598977,0.00019157441901807015,0.0006180084734459523,0.9317230713608622,0.9386201605681799,/kaggle/input/datasets/hintrngia/locked-densenet-xai-inputs/D-P/DenseNet121/seed_42/best_checkpoint.pt
E02_XAI_D_P_DenseNet121,D-P,DenseNet121,42,17,normal,E-40D9418B91304B06987F2A6E.jpeg,0,0.8858113573483051,0.5634765625,1,0,0.7514151957185969,0.7514151930809021,0.3151092529296875,2.384617997511693,0.8187776843656759,0.8187776803970337,2.598393023223521,1,1,207,207,208,165,0.8819218637161543,0.922369030286353,0.8899754641413626,0.9239013103383564,0.00038298547903370395,0.0007468546167364032,0.006071855483117906,-0.04500507935350102,/kaggle/input/datasets/hintrngia/locked-densenet-xai-inputs/D-P/DenseNet121/seed_42/best_checkpoint.pt
E02_XAI_D_P_DenseNet121,D-P,DenseNet121,42,18,normal,E-44BF14DBF8A5FE52BF53ED2E.jpeg,0,0.49849940972642115,0.5634765625,0,1,0.7359407325087923,0.7359407544136047,0.32672119140625,2.2525038224218297,0.7467340310796154,0.7467340230941772,2.285539018346426,1,1,176,176,93,175,0.1312858254570404,0.3692790937598081,0.09955180337954395,0.39255197017035115,0.00016469696296095293,0.0008129081850966058,0.907916523729421,0.940307206067406,/kaggle/input/datasets/hintrngia/locked-densenet-xai-inputs/D-P/DenseNet121/seed_42/best_checkpoint.pt
E02_XAI_D_P_DenseNet121,D-P,DenseNet121,42,19,normal,E-47080ACF9F207EB21662EAAE.jpeg,0,0.7985205269532133,0.5634765625,1,0,0.81463059367929,0.8146305680274963,0.3899383544921875,2.0891266126928567,0.8297590568252575,0.8297590613365173,2.1279236763099227,1,1,176,143,70,142,0.8968940954936349,0.9227346495716919,0.8919294229351429,0.9220921676284373,0.00021472726177063084,0.0008110707711295184,0.5502724751284114,0.6494436372199698,/kaggle/input/datasets/hintrngia/locked-densenet-xai-inputs/D-P/DenseNet121/seed_42/best_checkpoint.pt
E02_XAI_D_P_DenseNet121,D-P,DenseNet121,42,20,normal,E-4F18C9F59223CD9D0CA81789.jpeg,0,0.8380634455220848,0.5634765625,1,0,0.7558281793460345,0.7558282017707825,0.305145263671875,2.4769454726283486,0.6861053320477394,0.6861053109169006,2.248454797533786,1,0,80,79,75,37,0.9371047284816667,0.9501477474750676,0.9504500144138107,0.9523981286532792,0.0012044932277405218,0.007325265037260387,-0.026956503668402656,-0.0009181003758578894,/kaggle/input/datasets/hintrngia/locked-densenet-xai-inputs/D-P/DenseNet121/seed_42/best_checkpoint.pt
E02_XAI_D_P_DenseNet121,D-P,DenseNet121,42,21,normal,E-57BEC1C15CFD6C2BBAF49905.jpeg,0,0.1288076689256237,0.5634765625,0,1,0.8000545722620908,0.8000545501708984,0.3210601806640625,2.491914664120925,0.7947827666133385,0.7947827577590942,2.4754946719629176,1,1,111,80,110,80,0.3811707710778238,0.7015248262030422,0.25354326571231245,0.800166555921214,0.00025690774949171935,0.001655952716572262,-0.0613564460084334,-0.004747253242561895,/kaggle/input/datasets/hintrngia/locked-densenet-xai-inputs/D-P/DenseNet121/seed_42/best_checkpoint.pt
E02_XAI_D_P_DenseNet121,D-P,DenseNet121,42,22,normal,E-5822F4C00AF6A5D69871506D.jpeg,0,0.06982768716132258,0.5634765625,0,1,0.8353658473369971,0.8353658318519592,0.414520263671875,2.0152593746255407,0.8462390936678891,0.8462390899658203,2.0414902909010815,1,1,80,79,112,50,0.39792176908179067,0.5131142751830768,0.3406187843923836,0.6928696485621757,2.3733872140163648e-05,0.00031925324185066994,-0.21688088554429538,-0.06479328887502883,/kaggle/input/datasets/hintrngia/locked-densenet-xai-inputs/D-P/DenseNet121/seed_42/best_checkpoint.pt
E02_XAI_D_P_DenseNet121,D-P,DenseNet121,42,23,normal,E-592EC4B388705AD74965EF2F.jpeg,0,0.10061902966452115,0.5634765625,0,1,0.7167595648978381,0.7167595624923706,0.3038330078125,2.35905759567822,0.7446903906949381,0.7446904182434082,2.450985809792259,1,1,111,80,87,79,0.409007459139871,0.6021143901382243,0.328104251742971,0.7177147191192763,0.000181409069758387,0.0005013386494082672,0.9756688120615428,0.9742171108776371,/kaggle/input/datasets/hintrngia/locked-densenet-xai-inputs/D-P/DenseNet121/seed_42/best_checkpoint.pt
E02_XAI_D_P_DenseNet121,D-P,DenseNet121,42,24,normal,E-5EB53A5E9ABA53D43AB743A8.jpeg,0,0.10331913092629443,0.5634765625,0,1,0.6999326396172915,0.6999326348304749,0.2571563720703125,2.721817211769941,0.6789963581209859,0.6789963841438293,2.6404026182766827,1,1,80,80,95,79,0.44649303861700673,0.7652183522660911,0.3594422205881659,0.8064563845914116,0.000190720473392747,0.0021462127029424627,0.9592295191904594,0.9873781917947747,/kaggle/input/datasets/hintrngia/locked-densenet-xai-inputs/D-P/DenseNet121/seed_42/best_checkpoint.pt
E02_XAI_D_P_DenseNet121,D-P,DenseNet121,42,25,normal,E-5FBF0EE47B9EC5825E465989.jpeg,0,0.08815718978194906,0.5634765625,0,1,0.7751813452610498,0.7751813530921936,0.329376220703125,2.3534830280287298,0.7825104773326139,0.7825104594230652,2.3757345799346883,1,1,176,175,191,183,0.4591678566667201,0.5394770629747283,0.36113982973431524,0.7096086629441669,0.00010217568601622595,0.001605166439790584,-0.1006434042311454,-0.035087771142934814,/kaggle/input/datasets/hintrngia/locked-densenet-xai-inputs/D-P/DenseNet121/seed_42/best_checkpoint.pt
E02_XAI_D_P_DenseNet121,D-P,DenseNet121,42,26,normal,E-67976418F9EE68ADAB32C212.jpeg,0,0.04856339956791619,0.5634765625,0,1,0.6537490670778416,0.6537490487098694,0.26171875,2.4979068831630964,0.6536085182731489,0.653608500957489,2.497369860864569,1,1,111,80,115,83,0.44072165528638124,0.7576115021667587,0.3881461151905047,0.7885419524300536,0.00023407677333708854,3.454721575102404e-05,-0.20199140795664755,-0.087548415897631,/kaggle/input/datasets/hintrngia/locked-densenet-xai-inputs/D-P/DenseNet121/seed_42/best_checkpoint.pt
E02_XAI_D_P_DenseNet121,D-P,DenseNet121,42,27,normal,E-74019A53B16F834307F73E46.jpeg,0,0.29502992758200725,0.5634765625,0,1,0.7810222281060705,0.7810222506523132,0.372467041015625,2.096889501891005,0.8058236547891694,0.8058236837387085,2.163476404762925,1,1,80,79,83,67,0.2896322635507249,0.45966099920903264,0.18961504676945454,0.5662769311148675,0.0004809041856620455,0.0007128179176529859,0.5677678432919049,0.7461639183845298,/kaggle/input/datasets/hintrngia/locked-densenet-xai-inputs/D-P/DenseNet121/seed_42/best_checkpoint.pt
E02_XAI_D_P_DenseNet121,D-P,DenseNet121,42,28,normal,E-778E5DF620CB9DE6A84B008B.jpeg,0,0.9579899562762128,0.5634765625,1,0,0.7501294036731212,0.7501294016838074,0.3386688232421875,2.2149349222402193,0.7975201453036806,0.7975201606750488,2.354867323389142,1,1,176,207,180,212,0.94620398512766,0.958928892789721,0.9417613730728582,0.9669820648386888,0.0006120616806539747,0.002149894857408796,0.8542636843405886,0.9669888197878803,/kaggle/input/datasets/hintrngia/locked-densenet-xai-inputs/D-P/DenseNet121/seed_42/best_checkpoint.pt
E02_XAI_D_P_DenseNet121,D-P,DenseNet121,42,29,normal,E-77C42172A076E16EE5474210.jpeg,0,0.3107087697017031,0.5634765625,0,1,0.817118100863075,0.8171181082725525,0.39276123046875,2.0804449051345175,0.8024365795999344,0.8024365901947021,2.0430646340583256,1,1,111,48,111,45,0.2333803920391585,0.47984357512764275,0.1851406004060212,0.5379236996273409,0.0008812772991115825,0.0003630150771510854,0.7037737090998492,0.7878295973089054,/kaggle/input/datasets/hintrngia/locked-densenet-xai-inputs/D-P/DenseNet121/seed_42/best_checkpoint.pt
E02_XAI_D_P_DenseNet121,D-P,DenseNet121,42,30,normal,E-7B1FB0C84C51C5CD8EDBCCFD.jpeg,0,0.9955188259764158,0.5634765625,1,0,0.7571978597453145,0.7571978569030762,0.388427734375,1.9493918501048448,0.7857807718526184,0.7857807874679565,2.0229780273465274,1,1,207,207,202,202,0.991878531075765,0.9695137836055199,0.9830874711710771,0.9846822069005161,0.0005646450076437493,0.0001406036499030927,-0.012345102286632173,-0.0026421487825708475,/kaggle/input/datasets/hintrngia/locked-densenet-xai-inputs/D-P/DenseNet121/seed_42/best_checkpoint.pt
E02_XAI_D_P_DenseNet121,D-P,DenseNet121,42,31,normal,E-7B7A8A9BEAA512F9DC3E0865.jpeg,0,0.06589377176426622,0.5634765625,0,1,0.7560284150436631,0.756028413772583,0.356475830078125,2.1208406047556507,0.782402863832823,0.7824028730392456,2.194827244420336,1,1,80,79,107,83,0.35459005263144167,0.692521665396843,0.23625258381546127,0.793282055593886,0.0006488886040771913,0.0006830324968216672,-0.009516171061535964,0.248830150964578,/kaggle/input/datasets/hintrngia/locked-densenet-xai-inputs/D-P/DenseNet121/seed_42/best_checkpoint.pt
E02_XAI_D_P_DenseNet121,D-P,DenseNet121,42,32,normal,E-82FCB2C3D1996A8155B45525.jpeg,0,0.10185636273561836,0.5634765625,0,1,0.7173181686075386,0.7173181772232056,0.2450714111328125,2.926976122150778,0.7046184911658959,0.704618513584137,2.87515580829638,1,1,111,80,178,184,0.2109051221824855,0.7078389500791911,0.15804924219719257,0.7787314690520637,0.0010371808830650364,0.0007378657008276779,0.8068033174765629,0.850434170217682,/kaggle/input/datasets/hintrngia/locked-densenet-xai-inputs/D-P/DenseNet121/seed_42/best_checkpoint.pt
E02_XAI_D_P_DenseNet121,D-P,DenseNet121,42,33,normal,E-843CBB869621D4078F498542.jpeg,0,0.853384538777355,0.5634765625,1,0,0.8058308912158474,0.8058308959007263,0.3597412109375,2.240029406460883,0.8133855672391049,0.813385546207428,2.2610297138862396,1,1,207,175,214,162,0.7735403546273608,0.9267656743747728,0.7998091605272906,0.9344900891364761,0.0010256122646424837,0.006516393671058274,-0.06393619434985018,0.0896583940870122,/kaggle/input/datasets/hintrngia/locked-densenet-xai-inputs/D-P/DenseNet121/seed_42/best_checkpoint.pt
E02_XAI_D_P_DenseNet121,D-P,DenseNet121,42,34,normal,E-845A5BC2008587BFFF60937F.jpeg,0,0.2569354874745274,0.5634765625,0,1,0.749923507130947,0.7499235272407532,0.3625030517578125,2.068737086472776,0.8109663267223262,0.8109663128852844,2.2371296539156615,1,1,80,79,79,66,0.32204742539125364,0.3883481302284365,0.23603790162232421,0.4441534833231749,0.0008589518172983368,0.00034753204244619695,-0.1260699838998748,0.011296997097846453,/kaggle/input/datasets/hintrngia/locked-densenet-xai-inputs/D-P/DenseNet121/seed_42/best_checkpoint.pt
E02_XAI_D_P_DenseNet121,D-P,DenseNet121,42,35,normal,E-8BB569A271B438E1FF7419AA.jpeg,0,0.3348567589324035,0.5634765625,0,1,0.7723832630267671,0.7723832726478577,0.3291015625,2.3469449891377137,0.7748650969827066,0.7748650908470154,2.354486229407393,1,1,111,80,110,83,0.32962751821126224,0.3677577848465712,0.30398829643631214,0.45436747222468543,0.00020433498251837268,0.0004272844680409671,-0.06837055526270135,-0.001747059542041208,/kaggle/input/datasets/hintrngia/locked-densenet-xai-inputs/D-P/DenseNet121/seed_42/best_checkpoint.pt
E02_XAI_D_P_DenseNet121,D-P,DenseNet121,42,36,normal,E-8E65534102472D38A215B619.jpeg,0,0.1613860530442998,0.5634765625,0,1,0.771101688308126,0.771101713180542,0.4018096923828125,1.9190718962883584,0.7766739021073006,0.7766739130020142,1.9329396896860993,1,1,80,79,83,58,0.40748744184795793,0.5432223793985694,0.40739584825552033,0.6049924871953397,0.00042934807979522205,0.0006644349870351673,-0.11854811582478561,-0.05530435633357453,/kaggle/input/datasets/hintrngia/locked-densenet-xai-inputs/D-P/DenseNet121/seed_42/best_checkpoint.pt
E02_XAI_D_P_DenseNet121,D-P,DenseNet121,42,37,normal,E-91CCC5E035FBDB0CCBB30E2A.jpeg,0,0.07555968981765597,0.5634765625,0,1,0.7790302149331058,0.7790302038192749,0.4178619384765625,1.8643244172304554,0.768604561147096,0.768604576587677,1.8393744210091685,1,1,80,48,108,71,0.6077046147487045,0.5639419160887869,0.6222826940358199,0.7541422442716377,0.00014793176443472777,0.0011119772271885875,-0.017932234798678174,0.16581949038319882,/kaggle/input/datasets/hintrngia/locked-densenet-xai-inputs/D-P/DenseNet121/seed_42/best_checkpoint.pt
E02_XAI_D_P_DenseNet121,D-P,DenseNet121,42,38,normal,E-91CD2D4F539A3D56107014E7.jpeg,0,0.7396589549154666,0.5634765625,1,0,0.7999556582787792,0.7999556660652161,0.376434326171875,2.125086908024243,0.8255658594200261,0.8255658745765686,2.193120557882077,1,1,176,144,208,218,0.8849877283474676,0.8625880711261411,0.8964154480127167,0.8378227725823714,1.0051763190688234e-05,0.0005506345114365541,0.6906983314855654,0.7593921960405167,/kaggle/input/datasets/hintrngia/locked-densenet-xai-inputs/D-P/DenseNet121/seed_42/best_checkpoint.pt
E02_XAI_D_P_DenseNet121,D-P,DenseNet121,42,39,normal,E-93DEE19500CF7BC746908FEA.jpeg,0,0.16700857660930243,0.5634765625,0,1,0.7884779464467623,0.7884779572486877,0.3555908203125,2.2173743004778155,0.768309512713866,0.7683095335960388,2.1606562060254,1,1,79,79,91,49,0.32506057280806006,0.5694157017695665,0.21027512425436062,0.645216729251963,0.0007539019182490891,0.0024799939214043,0.6555176565453789,0.7182691157206056,/kaggle/input/datasets/hintrngia/locked-densenet-xai-inputs/D-P/DenseNet121/seed_42/best_checkpoint.pt
E02_XAI_D_P_DenseNet121,D-P,DenseNet121,42,40,normal,E-9A48264C99FDAC90E29908DD.jpeg,0,0.9871500685077741,0.5634765625,1,0,0.7396236715877552,0.7396236658096313,0.3754425048828125,1.9700051591617609,0.7913391376124892,0.7913391590118408,2.1077505272331676,1,1,207,207,208,193,0.9198861598371084,0.9249873274570782,0.8577897216644879,0.9598959262932838,0.0010298806983525255,1.4836673162266223e-05,-0.1689069642596921,-0.06215210791604541,/kaggle/input/datasets/hintrngia/locked-densenet-xai-inputs/D-P/DenseNet121/seed_42/best_checkpoint.pt
E02_XAI_D_P_DenseNet121,D-P,DenseNet121,42,41,normal,E-A5B76F5465A7745EBBAE1D8D.jpeg,0,0.4153663085421838,0.5634765625,0,1,0.763766008969127,0.7637659907341003,0.36846923828125,2.0728080654215963,0.7834442958615473,0.7834442853927612,2.1262135735291685,1,1,80,48,179,186,0.18854050671970235,0.39608686375215246,0.1572210970566224,0.4484908208946753,0.0004191463123646155,9.479723563254883e-05,0.6251702288985072,0.8348261568414287,/kaggle/input/datasets/hintrngia/locked-densenet-xai-inputs/D-P/DenseNet121/seed_42/best_checkpoint.pt
E02_XAI_D_P_DenseNet121,D-P,DenseNet121,42,42,normal,E-A92185A886C303721C499620.jpeg,0,0.9113958689950433,0.5634765625,1,0,0.8312313678503801,0.8312313556671143,0.4248199462890625,1.956667466091107,0.8424447300660173,0.8424447178840637,1.9830630304086243,1,1,207,207,198,198,0.9535657825848423,0.9082697774567909,0.9521074128154124,0.8965719080301575,3.1232318218887833e-05,0.00023958043974503518,-0.1375513724197768,0.052491411735550775,/kaggle/input/datasets/hintrngia/locked-densenet-xai-inputs/D-P/DenseNet121/seed_42/best_checkpoint.pt
E02_XAI_D_P_DenseNet121,D-P,DenseNet121,42,43,normal,E-B1906A980682154F21AC8637.jpeg,0,0.06544808780680117,0.5634765625,0,1,0.7986428246674752,0.7986428141593933,0.37506103515625,2.1293676223518165,0.8170456079588136,0.8170456290245056,2.1784337251093904,1,1,80,79,69,75,0.5887970940826603,0.5221785684044885,0.502888158435693,0.6736052641789022,0.0012350389704206544,0.000655385201670855,0.9146169826174859,0.9542238107311868,/kaggle/input/datasets/hintrngia/locked-densenet-xai-inputs/D-P/DenseNet121/seed_42/best_checkpoint.pt
E02_XAI_D_P_DenseNet121,D-P,DenseNet121,42,44,normal,E-B701F1D8C0C0617522833A87.jpeg,0,0.025839390301117426,0.5634765625,0,1,0.7272474647021478,0.7272474765777588,0.2968597412109375,2.449801585542018,0.7140703789986628,0.7140703797340393,2.405413331177402,1,1,80,80,89,79,0.7116149749453857,0.6691334399224457,0.606996519210134,0.8073751402388882,0.0009825293809581082,0.002830288646338386,0.3563105887110203,0.5267745537507228,/kaggle/input/datasets/hintrngia/locked-densenet-xai-inputs/D-P/DenseNet121/seed_42/best_checkpoint.pt
E02_XAI_D_P_DenseNet121,D-P,DenseNet121,42,45,normal,E-B80945974BB38152A2ADE2AF.jpeg,0,0.009776053393388887,0.5634765625,0,1,0.7541816054024769,0.7541816234588623,0.287933349609375,2.619292299504861,0.7618789164511115,0.7618789076805115,2.6460252606539503,1,1,111,80,106,82,0.5666143800190717,0.8523135281474861,0.5853806361553272,0.9106879145900719,4.527175685442586e-06,6.431661710759595e-05,0.9256834159162789,0.9271452162019852,/kaggle/input/datasets/hintrngia/locked-densenet-xai-inputs/D-P/DenseNet121/seed_42/best_checkpoint.pt
E02_XAI_D_P_DenseNet121,D-P,DenseNet121,42,46,normal,E-BB74E7A26CC5772AE8204932.jpeg,0,0.9207624399542909,0.5634765625,1,0,0.8132412953625343,0.8132413029670715,0.396759033203125,2.04971085042993,0.8679710401438483,0.8679710626602173,2.187652876196725,1,1,207,143,159,83,0.8732361054626485,0.9229183423165184,0.8281850223751045,0.919434927049867,0.001338930757698642,0.00014771979516514655,0.1880609889844013,0.3122214111212451,/kaggle/input/datasets/hintrngia/locked-densenet-xai-inputs/D-P/DenseNet121/seed_42/best_checkpoint.pt
E02_XAI_D_P_DenseNet121,D-P,DenseNet121,42,47,normal,E-BB96C349B18A4710DE07EC01.jpeg,0,0.04470358015831047,0.5634765625,0,1,0.7511807054074859,0.7511807084083557,0.3329010009765625,2.2564687495799145,0.7524738502904194,0.7524738311767578,2.2603532223785545,1,1,80,79,112,76,0.48368375421918575,0.667048746705851,0.39027999206227604,0.8158024872684705,0.0005442712329135624,0.0010937637566768021,-0.1353401558037567,-0.04051309461913593,/kaggle/input/datasets/hintrngia/locked-densenet-xai-inputs/D-P/DenseNet121/seed_42/best_checkpoint.pt
E02_XAI_D_P_DenseNet121,D-P,DenseNet121,42,48,normal,E-BCDF7BD5461E233F18CDF83C.jpeg,0,0.10461896729125322,0.5634765625,0,1,0.7634136151313181,0.7634136080741882,0.2940521240234375,2.596184665105395,0.7335890035857563,0.7335889935493469,2.4947583902753423,1,1,111,80,108,75,0.4196725654487784,0.7856042274388484,0.43123397673752817,0.8440847676528329,0.0002471306447244803,0.0008186718556195682,-0.06646299695506948,-0.009002675655706208,/kaggle/input/datasets/hintrngia/locked-densenet-xai-inputs/D-P/DenseNet121/seed_42/best_checkpoint.pt
E02_XAI_D_P_DenseNet121,D-P,DenseNet121,42,49,normal,E-BF6060CF2B5D86362B50F1EF.jpeg,0,0.070924668602918,0.5634765625,0,1,0.740586377522773,0.7405864000320435,0.3540191650390625,2.0919386594255616,0.7282647332634005,0.7282647490501404,2.0571336390306545,1,1,80,79,83,83,0.46496144931378325,0.5647261434404431,0.32451475075887004,0.7888395222192657,0.00012897349133123015,0.0009721270354960954,-0.026671233011652532,0.017486554420726785,/kaggle/input/datasets/hintrngia/locked-densenet-xai-inputs/D-P/DenseNet121/seed_42/best_checkpoint.pt
E02_XAI_D_P_DenseNet121,D-P,DenseNet121,42,50,normal,E-C7B56CF9C42EB131FD94EA3C.jpeg,0,0.9790199963811348,0.5634765625,1,0,0.6184064415323443,0.6184064149856567,0.32830810546875,1.8836161253143573,0.6536483939222149,0.6536483764648438,1.990960268827211,1,1,207,207,204,199,0.9655323840140575,0.9195694895091475,0.9224515978703416,0.9746451177326243,0.001127021373126258,0.01811601728552925,0.5150085147835918,0.5348643436764913,/kaggle/input/datasets/hintrngia/locked-densenet-xai-inputs/D-P/DenseNet121/seed_42/best_checkpoint.pt
E02_XAI_D_P_DenseNet121,D-P,DenseNet121,42,51,normal,E-D31B79C24E008C43E1511E9D.jpeg,0,0.012032940535836164,0.5634765625,0,1,0.7602311914841304,0.7602311968803406,0.29034423828125,2.6183787768080706,0.7865238430150377,0.7865238189697266,2.7089355988981247,1,1,111,80,115,82,0.7646581077546311,0.8546614959590906,0.705303838122813,0.9345320219213202,0.00043332516990912673,0.0008120776023676779,0.665445629129062,0.6556813616516323,/kaggle/input/datasets/hintrngia/locked-densenet-xai-inputs/D-P/DenseNet121/seed_42/best_checkpoint.pt
E02_XAI_D_P_DenseNet121,D-P,DenseNet121,42,52,normal,E-E13640D767DD410F37B990A9.jpeg,0,0.15397493030778625,0.5634765625,0,1,0.7537269588586115,0.7537269592285156,0.3385162353515625,2.226560738145502,0.7605187332086856,0.7605187296867371,2.2466241018509994,1,1,176,175,179,195,0.4954567478606249,0.5351395560912686,0.41511222426021654,0.7572872396756639,0.0012156983967767099,0.0018517186773526761,0.5136167440217924,0.7641124548229989,/kaggle/input/datasets/hintrngia/locked-densenet-xai-inputs/D-P/DenseNet121/seed_42/best_checkpoint.pt
E02_XAI_D_P_DenseNet121,D-P,DenseNet121,42,53,normal,E-E2352C479C37BA410D3419C8.jpeg,0,0.29288130705698867,0.5634765625,0,1,0.8133188902959934,0.8133189082145691,0.460540771484375,1.7660084419335438,0.8000496232057943,0.8000496029853821,1.7371960806578404,1,1,176,176,95,51,0.2932832675979838,0.38627827106605,0.2504243673313843,0.5098041066170124,0.002341135040077491,0.002446555497679803,-0.0341769071292924,0.09159386737637863,/kaggle/input/datasets/hintrngia/locked-densenet-xai-inputs/D-P/DenseNet121/seed_42/best_checkpoint.pt
E02_XAI_D_P_DenseNet121,D-P,DenseNet121,42,54,normal,E-E249A212D4F7D1C6D4206FBF.jpeg,0,0.0740880199189303,0.5634765625,0,1,0.8077304977874362,0.807730495929718,0.44427490234375,1.8180871652355206,0.8085820961619808,0.808582067489624,1.8200039927899292,1,1,80,48,84,170,0.7038431873614601,0.5159268770413656,0.7032274463638439,0.6514182536670827,0.0004055289734736789,0.0021630857443207807,-0.13685208104879965,-0.08138756111631588,/kaggle/input/datasets/hintrngia/locked-densenet-xai-inputs/D-P/DenseNet121/seed_42/best_checkpoint.pt
E02_XAI_D_P_DenseNet121,D-P,DenseNet121,42,55,normal,E-E2DD25AE8644A21D4C1655DA.jpeg,0,0.19478496244223803,0.5634765625,0,1,0.7690186546908158,0.7690186500549316,0.3409881591796875,2.2552649820475814,0.7808141811550969,0.7808141708374023,2.289857169919024,1,1,80,80,84,81,0.2901344739078807,0.4057316147292602,0.2011969118779907,0.5004644566960539,0.0010823586583629252,0.000551305765924881,0.8752206986911003,0.9591310919416369,/kaggle/input/datasets/hintrngia/locked-densenet-xai-inputs/D-P/DenseNet121/seed_42/best_checkpoint.pt
E02_XAI_D_P_DenseNet121,D-P,DenseNet121,42,56,normal,E-E35138A3EAFB63D43C970EAE.jpeg,0,0.2677823107267037,0.5634765625,0,1,0.7841018591148069,0.7841018438339233,0.4013519287109375,1.953651653383568,0.8192993131302395,0.8192993402481079,2.041348887400805,1,1,80,48,79,83,0.3099481605431613,0.44162495250076694,0.32797498916470513,0.5025309113696406,0.00021726165089785976,0.0008372766950728305,-0.06008969965627516,-0.01185316563512726,/kaggle/input/datasets/hintrngia/locked-densenet-xai-inputs/D-P/DenseNet121/seed_42/best_checkpoint.pt
E02_XAI_D_P_DenseNet121,D-P,DenseNet121,42,57,normal,E-EACE2F51FB2EF2E191B9BC55.jpeg,0,0.9105702908699036,0.5634765625,1,0,0.8364571520672324,0.8364571332931519,0.4419708251953125,1.8925619167228773,0.7746353296854988,0.7746353149414062,1.75268430748382,1,1,207,207,50,70,0.888797313109689,0.9476198309010249,0.895911207210562,0.9337543627738267,0.0010978496585783981,0.0016507322863775764,0.8757028097425404,0.7812186171097212,/kaggle/input/datasets/hintrngia/locked-densenet-xai-inputs/D-P/DenseNet121/seed_42/best_checkpoint.pt
E02_XAI_D_P_DenseNet121,D-P,DenseNet121,42,58,normal,E-ED70ACD6E494856AB99B813B.jpeg,0,0.9946360374388327,0.5634765625,1,0,0.6756609086789872,0.6756609082221985,0.3370513916015625,2.0046228127659065,0.7354494148250114,0.7354494333267212,2.1820097265594613,1,1,207,207,211,202,0.9722450803858556,0.9539214599992482,0.9375121596678262,0.9838901644784039,4.7358439029587807e-05,0.00779239478479532,0.9259297917652686,0.9701264616713531,/kaggle/input/datasets/hintrngia/locked-densenet-xai-inputs/D-P/DenseNet121/seed_42/best_checkpoint.pt
E02_XAI_D_P_DenseNet121,D-P,DenseNet121,42,59,normal,E-EE1CB872F9ABCF62B8C9A410.jpeg,0,0.08499988034167616,0.5634765625,0,1,0.7605442243854766,0.7605442404747009,0.260040283203125,2.924716951609353,0.7750341890922019,0.7750341892242432,2.9804389517865593,1,1,79,80,90,106,0.2742839001441374,0.7034002329508686,0.19350859013970606,0.7817871047749343,0.00048373876139662375,0.0011366012874182152,0.954127298148227,0.961901047211552,/kaggle/input/datasets/hintrngia/locked-densenet-xai-inputs/D-P/DenseNet121/seed_42/best_checkpoint.pt
E02_XAI_D_P_DenseNet121,D-P,DenseNet121,42,60,normal,E-EFAD2710B0F9E9CA19CFEDAD.jpeg,0,0.7011702898057468,0.5634765625,1,0,0.8241898968200947,0.8241899013519287,0.36236572265625,2.27446981126839,0.8808911096950514,0.8808910846710205,2.4309449117809874,1,1,176,144,210,182,0.7144587931559102,0.927328258502639,0.7240800178523136,0.9139997655302687,0.001234594307198078,0.0005795313060453777,0.24114822166481203,0.40933417694632646,/kaggle/input/datasets/hintrngia/locked-densenet-xai-inputs/D-P/DenseNet121/seed_42/best_checkpoint.pt
E02_XAI_D_P_DenseNet121,D-P,DenseNet121,42,61,normal,E-F32C5A7DA665488BF8EB2294.jpeg,0,0.5833705304152569,0.5634765625,1,0,0.8363922803062918,0.8363922834396362,0.3988037109375,2.097253002837203,0.8310564950232976,0.8310564756393433,2.0838735253231877,1,1,207,176,198,210,0.7118207232377187,0.8114496753843092,0.6989666947952582,0.805826584133719,0.00017652250632027577,0.00044979583383719657,0.9311083787605449,0.8178171237869498,/kaggle/input/datasets/hintrngia/locked-densenet-xai-inputs/D-P/DenseNet121/seed_42/best_checkpoint.pt
E02_XAI_D_P_DenseNet121,D-P,DenseNet121,42,62,normal,E-F57AB9616B464FB4687D409D.jpeg,0,0.07204598036663626,0.5634765625,0,1,0.811245618041149,0.8112456202507019,0.43695068359375,1.8566068174306727,0.8131740176656855,0.8131740093231201,1.8610201292686956,1,1,79,48,81,58,0.5590156919461863,0.4353775017282564,0.5250359398233446,0.628408444910279,8.567139098636378e-05,0.0014900674951443538,0.9140617809011087,0.9329977231028452,/kaggle/input/datasets/hintrngia/locked-densenet-xai-inputs/D-P/DenseNet121/seed_42/best_checkpoint.pt
E02_XAI_D_P_DenseNet121,D-P,DenseNet121,42,63,normal,E-F803B5977A560D3CAEE3206F.jpeg,0,0.26996980594497966,0.5634765625,0,1,0.7574548774408316,0.7574548721313477,0.3428192138671875,2.2094878198229555,0.7492658147731148,0.7492657899856567,2.185600411135036,1,1,111,48,111,53,0.37510444268390747,0.3940868174832951,0.31516503221339714,0.4700246724785073,0.001150598391810087,0.002177596303318041,0.8399809077160244,0.8743059444399192,/kaggle/input/datasets/hintrngia/locked-densenet-xai-inputs/D-P/DenseNet121/seed_42/best_checkpoint.pt
E02_XAI_D_P_DenseNet121,D-P,DenseNet121,42,64,pneumonia,E-018B83433C4DD934AA5C8B2B.jpeg,1,0.9949400904814267,0.5634765625,1,1,0.8006440937355431,0.8006440997123718,0.3726043701171875,2.1487780550822126,0.8105708751153861,0.8105708956718445,2.175419667945532,1,1,207,207,201,197,0.9926544779419684,0.9905993000340347,0.9922112688179663,0.9932588459501569,0.00017519698146406526,0.0014704380528789418,0.7347589008593071,0.7786404601820641,/kaggle/input/datasets/hintrngia/locked-densenet-xai-inputs/D-P/DenseNet121/seed_42/best_checkpoint.pt
E02_XAI_D_P_DenseNet121,D-P,DenseNet121,42,65,pneumonia,E-01E4EA18817F6CBD784D8ACE.jpeg,1,0.9934958042343637,0.5634765625,1,1,0.7630273287313639,0.7630273103713989,0.355072021484375,2.148936786237158,0.785925285437983,0.7859252691268921,2.2134249895343214,1,1,207,144,81,110,0.9771434570633819,0.9929733126881186,0.9813176554426776,0.9940704858771916,0.0012649914023458164,0.002688795923801224,-0.08930233795698757,-0.009154377962864677,/kaggle/input/datasets/hintrngia/locked-densenet-xai-inputs/D-P/DenseNet121/seed_42/best_checkpoint.pt
E02_XAI_D_P_DenseNet121,D-P,DenseNet121,42,66,pneumonia,E-0981A556ADE7F427711A3360.jpeg,1,0.9752352014730338,0.5634765625,1,1,0.7318866156587303,0.731886625289917,0.315826416015625,2.317369854276285,0.7657728741089315,0.7657728791236877,2.4246637876897736,1,1,207,144,202,147,0.953334722511437,0.9712892697655425,0.906731109641763,0.983702199909926,0.0005224864090699333,0.001233870451072705,-0.14391553743319674,-0.05081876044381976,/kaggle/input/datasets/hintrngia/locked-densenet-xai-inputs/D-P/DenseNet121/seed_42/best_checkpoint.pt
E02_XAI_D_P_DenseNet121,D-P,DenseNet121,42,67,pneumonia,E-0B7E667233F7AB135F8A84DD.jpeg,1,0.9985133669934563,0.5634765625,1,1,0.813759345125364,0.8137593269348145,0.3825225830078125,2.127349812203752,0.8401202300765952,0.840120255947113,2.1962630898041304,1,1,175,176,157,90,0.9949349378759719,0.9969060583825393,0.9938328096660728,0.9970316924847846,0.001076157024026081,0.0024702458716985287,-0.09959893486486472,0.1452906279418973,/kaggle/input/datasets/hintrngia/locked-densenet-xai-inputs/D-P/DenseNet121/seed_42/best_checkpoint.pt
E02_XAI_D_P_DenseNet121,D-P,DenseNet121,42,68,pneumonia,E-122745006C7E29B76E58625B.jpeg,1,0.9979827243950177,0.5634765625,1,1,0.7463509314955256,0.7463509440422058,0.3352813720703125,2.2260435373636174,0.7923950839942888,0.7923950552940369,2.3633734230487287,1,1,79,112,75,111,0.9867640295309028,0.9953500884518707,0.9872823764583909,0.9959502371640698,8.775660993309842e-05,0.004614479035244812,0.9918519331477289,0.980600028264984,/kaggle/input/datasets/hintrngia/locked-densenet-xai-inputs/D-P/DenseNet121/seed_42/best_checkpoint.pt
E02_XAI_D_P_DenseNet121,D-P,DenseNet121,42,69,pneumonia,E-1265B89238C345234A9C993B.jpeg,1,0.9611448989861235,0.5634765625,1,1,0.7697317280277246,0.7697317004203796,0.3254241943359375,2.3653180723038854,0.7547892089891329,0.7547892332077026,2.31940102219308,1,1,207,143,210,136,0.9544864690849326,0.9533064086133589,0.9531153162322952,0.968250452100541,0.0004990197218266434,0.002875202610738037,-0.029940506640956755,0.1442972369016817,/kaggle/input/datasets/hintrngia/locked-densenet-xai-inputs/D-P/DenseNet121/seed_42/best_checkpoint.pt
E02_XAI_D_P_DenseNet121,D-P,DenseNet121,42,70,pneumonia,E-1777E855F7110F5A72B38BC0.jpeg,1,0.9873264373405887,0.5634765625,1,1,0.705805415312381,0.7058054208755493,0.3238525390625,2.179403679698087,0.7862966310382928,0.7862966060638428,2.4279464762403675,1,1,80,80,79,128,0.9847911315131126,0.9773788604765838,0.9850233939159925,0.9816434345075408,0.0013258811545094895,0.0016550667439959588,0.5839678366503819,0.727810208084374,/kaggle/input/datasets/hintrngia/locked-densenet-xai-inputs/D-P/DenseNet121/seed_42/best_checkpoint.pt
E02_XAI_D_P_DenseNet121,D-P,DenseNet121,42,71,pneumonia,E-198E88DB173F06A1227B639B.jpeg,1,0.9923542562337216,0.5634765625,1,1,0.6582574342058558,0.6582574248313904,0.256744384765625,2.5638630219966103,0.663377438241215,0.6633774638175964,2.5838050512644872,1,1,176,111,204,161,0.9902651239266248,0.9886315358342248,0.9924978802949631,0.9895823050855752,0.0002475310127275643,0.0008778105205947684,0.8884624523961938,0.8186675607072662,/kaggle/input/datasets/hintrngia/locked-densenet-xai-inputs/D-P/DenseNet121/seed_42/best_checkpoint.pt
E02_XAI_D_P_DenseNet121,D-P,DenseNet121,42,72,pneumonia,E-1A06E979246F3D9634B22BF8.jpeg,1,0.9976367152985742,0.5634765625,1,1,0.7230210381412184,0.7230210304260254,0.303802490234375,2.379904909875585,0.730407733322084,0.73040771484375,2.404219046257966,1,1,175,207,84,110,0.9911487802935164,0.9932075437973003,0.9903003471992272,0.9949905386317153,0.0008775792928934489,3.667568069531946e-05,0.4866778379988031,0.5262635925727863,/kaggle/input/datasets/hintrngia/locked-densenet-xai-inputs/D-P/DenseNet121/seed_42/best_checkpoint.pt
E02_XAI_D_P_DenseNet121,D-P,DenseNet121,42,73,pneumonia,E-220D81ED5B8FE3B14418B9F7.jpeg,1,0.988235586212196,0.5634765625,1,1,0.6512837600955146,0.6512837409973145,0.2836456298828125,2.2961177310032626,0.7756383068765892,0.7756382822990417,2.734532900073385,1,1,207,144,59,179,0.9691128423669881,0.9756952909062828,0.9580550736448272,0.984094384295466,0.0002583929764405912,0.0035123794246929574,0.7657563302016825,0.8557783676040207,/kaggle/input/datasets/hintrngia/locked-densenet-xai-inputs/D-P/DenseNet121/seed_42/best_checkpoint.pt
E02_XAI_D_P_DenseNet121,D-P,DenseNet121,42,74,pneumonia,E-227257A6740CF45FAF02E456.jpeg,1,0.9611039830237613,0.5634765625,1,1,0.8046338143154232,0.8046337962150574,0.381500244140625,2.1091305357561625,0.8495978246208494,0.8495978116989136,2.2269915620491156,1,1,48,175,206,144,0.934298593843276,0.9452963259483207,0.8971268152208725,0.956745100626581,0.0009460673287358112,0.0038009106460542563,0.8044804633383816,0.7441767934622578,/kaggle/input/datasets/hintrngia/locked-densenet-xai-inputs/D-P/DenseNet121/seed_42/best_checkpoint.pt
E02_XAI_D_P_DenseNet121,D-P,DenseNet121,42,75,pneumonia,E-2C0709EBA6450DCFB3BBB340.jpeg,1,0.983640700192818,0.5634765625,1,1,0.7542333288776615,0.7542333006858826,0.3762359619140625,2.0046816498895415,0.8444474830178286,0.8444474935531616,2.2444624344833684,1,1,207,144,86,138,0.9785477861954481,0.9764725925856801,0.979221270063079,0.9824112501186141,0.00010670803701806619,0.0017828846377531127,0.7813425061357216,0.8679368422185341,/kaggle/input/datasets/hintrngia/locked-densenet-xai-inputs/D-P/DenseNet121/seed_42/best_checkpoint.pt
E02_XAI_D_P_DenseNet121,D-P,DenseNet121,42,76,pneumonia,E-30421FA65AB177DCD15E84C4.jpeg,1,0.9996274440091747,0.5634765625,1,1,0.7995775827173844,0.7995775938034058,0.41265869140625,1.937624480881767,0.7548096060351931,0.7548096179962158,1.8291377880906083,1,1,207,175,208,225,0.9971350556051706,0.9986459469284183,0.9967265273497002,0.998991371440668,4.330738351010499e-05,0.0005819009587362256,-0.06302145891996258,-0.0011616616941448744,/kaggle/input/datasets/hintrngia/locked-densenet-xai-inputs/D-P/DenseNet121/seed_42/best_checkpoint.pt
E02_XAI_D_P_DenseNet121,D-P,DenseNet121,42,77,pneumonia,E-386D019ED9E9E8244987AC20.jpeg,1,0.9961616993069095,0.5634765625,1,1,0.7801858292799042,0.7801858186721802,0.3555145263671875,2.1945258812690587,0.8246773219024787,0.8246773481369019,2.319672645529887,1,1,207,143,213,119,0.9890367224015573,0.9901520337995969,0.9861607978845165,0.9926793943330681,0.001202814439692057,0.00119111564244756,0.0,0.0,/kaggle/input/datasets/hintrngia/locked-densenet-xai-inputs/D-P/DenseNet121/seed_42/best_checkpoint.pt
E02_XAI_D_P_DenseNet121,D-P,DenseNet121,42,78,pneumonia,E-3AC987E53985CBAF71C33ABC.jpeg,1,0.9814119445934942,0.5634765625,1,1,0.7923979041335144,0.7923979163169861,0.4218597412109375,1.878344451307339,0.8177754232309451,0.8177754282951355,1.9385007464413215,1,1,176,143,183,121,0.9583047751919258,0.9696129154267611,0.9574795368799357,0.9735440118102234,5.551823107552423e-05,0.000605000966196978,0.9130441174077948,0.8674135257933567,/kaggle/input/datasets/hintrngia/locked-densenet-xai-inputs/D-P/DenseNet121/seed_42/best_checkpoint.pt
E02_XAI_D_P_DenseNet121,D-P,DenseNet121,42,79,pneumonia,E-3EB4BE73D28C1518A6A12685.jpeg,1,0.996026073412053,0.5634765625,1,1,0.8010960392091155,0.8010960221290588,0.40576171875,1.9743016706381091,0.8367716763341075,0.8367716670036316,2.0622242997981375,1,1,207,207,208,172,0.9859510921062227,0.9870870650495344,0.9782274927686748,0.9921133194534116,9.823206038617194e-05,0.00037249104166869884,-0.006175796000304955,0.17150212754018943,/kaggle/input/datasets/hintrngia/locked-densenet-xai-inputs/D-P/DenseNet121/seed_42/best_checkpoint.pt
E02_XAI_D_P_DenseNet121,D-P,DenseNet121,42,80,pneumonia,E-401B5DEDAD367F085127D1DA.jpeg,1,0.9930134944552145,0.5634765625,1,1,0.7911999436763152,0.7911999225616455,0.364349365234375,2.171541984620613,0.8084445970486045,0.808444619178772,2.2188719789001317,1,1,79,111,63,111,0.9777656544810931,0.9850280162738301,0.9731917988015185,0.9870878922754853,0.00043698176215223317,0.00048000808971715436,-0.10256797467569498,-0.029392602304436126,/kaggle/input/datasets/hintrngia/locked-densenet-xai-inputs/D-P/DenseNet121/seed_42/best_checkpoint.pt
E02_XAI_D_P_DenseNet121,D-P,DenseNet121,42,81,pneumonia,E-4329094918EDAAADE18246AB.jpeg,1,0.9995611490301785,0.5634765625,1,1,0.801481610451208,0.8014816045761108,0.4228057861328125,1.895625927407354,0.7827831152336318,0.7827830910682678,1.8514011418655054,1,1,207,143,214,137,0.9976906582959767,0.9973888038592404,0.9972728093864551,0.9986671593131111,0.00041898611019108856,0.0017003447370786962,0.9734276768167521,0.9854004510589495,/kaggle/input/datasets/hintrngia/locked-densenet-xai-inputs/D-P/DenseNet121/seed_42/best_checkpoint.pt
E02_XAI_D_P_DenseNet121,D-P,DenseNet121,42,82,pneumonia,E-443A80FA1DE791815F946FF9.jpeg,1,0.9889423295966375,0.5634765625,1,1,0.7254457898197473,0.7254458069801331,0.309112548828125,2.346866190227414,0.777366549093675,0.777366578578949,2.5148333577551134,1,1,176,176,203,202,0.9830795541698911,0.9909611125034629,0.9851619150586028,0.9906748681736333,0.0007081387809306783,0.00015529284804982613,-0.04423106993881031,-0.016689658771751464,/kaggle/input/datasets/hintrngia/locked-densenet-xai-inputs/D-P/DenseNet121/seed_42/best_checkpoint.pt
E02_XAI_D_P_DenseNet121,D-P,DenseNet121,42,83,pneumonia,E-4B97630FB65DE326125E1DE1.jpeg,1,0.9959734947094409,0.5634765625,1,1,0.7472361884710362,0.7472361922264099,0.3383941650390625,2.2081828402235573,0.8017115552127267,0.8017115592956543,2.3691648321423666,1,1,175,207,171,138,0.9905917456066995,0.992106895438911,0.993935276345304,0.9930100815718732,0.0005630131314151576,0.0023872886796071358,-0.11378719730470854,-0.05353300601795711,/kaggle/input/datasets/hintrngia/locked-densenet-xai-inputs/D-P/DenseNet121/seed_42/best_checkpoint.pt
E02_XAI_D_P_DenseNet121,D-P,DenseNet121,42,84,pneumonia,E-55F059ED3BB72FAD418A344C.jpeg,1,0.9837768440876917,0.5634765625,1,1,0.7099802495592263,0.7099802494049072,0.3324737548828125,2.1354475026441535,0.7437597332182361,0.7437597513198853,2.237047954297596,1,1,207,207,212,193,0.9712614966545718,0.9126771997956372,0.9346045029679375,0.9705462759562327,0.0013588576589299572,0.005278532367938071,0.9238933118060308,0.9822884219512575,/kaggle/input/datasets/hintrngia/locked-densenet-xai-inputs/D-P/DenseNet121/seed_42/best_checkpoint.pt
E02_XAI_D_P_DenseNet121,D-P,DenseNet121,42,85,pneumonia,E-6060B7AB38566FD26078DE5E.jpeg,1,0.9767506697255502,0.5634765625,1,1,0.6773969420282024,0.6773969531059265,0.271087646484375,2.498811549744471,0.7681847836098273,0.7681847810745239,2.833713721639854,1,1,111,80,90,82,0.9812757125541587,0.9713352803349131,0.9838914847457241,0.9742500237788041,0.001883343809361504,0.0032912402212437186,0.9001216264454444,0.9244246177827284,/kaggle/input/datasets/hintrngia/locked-densenet-xai-inputs/D-P/DenseNet121/seed_42/best_checkpoint.pt
E02_XAI_D_P_DenseNet121,D-P,DenseNet121,42,86,pneumonia,E-638A63581494A3F6A20C2D9C.jpeg,1,0.9834627520741591,0.5634765625,1,1,0.7223603605987615,0.722360372543335,0.312408447265625,2.3122305652144397,0.7580566920455072,0.7580567002296448,2.4264923009619204,1,1,80,143,78,115,0.9679796443628079,0.9788756740437383,0.9668920333332761,0.9762998700048299,0.0007823068866003036,0.008472552345676232,0.9750068337526885,0.9641060442739947,/kaggle/input/datasets/hintrngia/locked-densenet-xai-inputs/D-P/DenseNet121/seed_42/best_checkpoint.pt
E02_XAI_D_P_DenseNet121,D-P,DenseNet121,42,87,pneumonia,E-63AE2F3741553AC167D0B283.jpeg,1,0.9985568839702399,0.5634765625,1,1,0.7857494629089136,0.7857494354248047,0.3596954345703125,2.184485504653568,0.839957659888259,0.8399576544761658,2.3351913289966038,1,1,176,144,102,52,0.9955458761495815,0.9963530991445063,0.9948305052471618,0.9965503671391526,0.00012181457337157031,0.0013815223624514816,-0.12577527020064747,0.005098457080024151,/kaggle/input/datasets/hintrngia/locked-densenet-xai-inputs/D-P/DenseNet121/seed_42/best_checkpoint.pt
E02_XAI_D_P_DenseNet121,D-P,DenseNet121,42,88,pneumonia,E-63E40A6B7E9FE7A4F927B234.jpeg,1,0.9936981680398239,0.5634765625,1,1,0.7463233843570966,0.7463234066963196,0.3593597412109375,2.076814119027926,0.8357217211889251,0.8357217311859131,2.3255852711068488,1,1,48,176,175,114,0.9912134146282023,0.9772960706186953,0.9855165968772294,0.9853737189064092,8.258345082690077e-05,0.0013692174282136094,0.935595284694976,0.9552115944609956,/kaggle/input/datasets/hintrngia/locked-densenet-xai-inputs/D-P/DenseNet121/seed_42/best_checkpoint.pt
E02_XAI_D_P_DenseNet121,D-P,DenseNet121,42,89,pneumonia,E-6C94FB136A3DC9D9B1FE1032.jpeg,1,0.9858918926508687,0.5634765625,1,1,0.7488191300986488,0.74881911277771,0.3358001708984375,2.2299545830937904,0.8550131777719562,0.8550131916999817,2.5461963747199947,1,1,48,112,175,108,0.9598355016502611,0.9748323924365621,0.9607090586576574,0.9808023940503456,5.8650881838429036e-05,0.0014084886861005508,0.19972229137006292,0.3553709464583487,/kaggle/input/datasets/hintrngia/locked-densenet-xai-inputs/D-P/DenseNet121/seed_42/best_checkpoint.pt
E02_XAI_D_P_DenseNet121,D-P,DenseNet121,42,90,pneumonia,E-6EBA6C5A4DF4C84E483A5386.jpeg,1,0.9978595390725247,0.5634765625,1,1,0.6933332171922841,0.6933332085609436,0.3423919677734375,2.0249692821388448,0.7477315127746315,0.7477315068244934,2.183846535995287,1,1,207,207,90,119,0.9941992186286492,0.9957875116055726,0.9934698104290853,0.9971515664278889,5.70050979668002e-05,0.003714935074282222,-0.1240676121936226,-0.058519123941906726,/kaggle/input/datasets/hintrngia/locked-densenet-xai-inputs/D-P/DenseNet121/seed_42/best_checkpoint.pt
E02_XAI_D_P_DenseNet121,D-P,DenseNet121,42,91,pneumonia,E-73D66A02A1612F6E79C3F7EC.jpeg,1,0.9970370317608095,0.5634765625,1,1,0.7714269867606234,0.7714269757270813,0.3591766357421875,2.147764943470165,0.8122826250864584,0.8122826218605042,2.261512983460051,1,1,111,79,190,121,0.9918599102946044,0.9949281066177342,0.9923655736077673,0.9959178461885736,0.00010674529314946835,6.139463334708939e-05,0.0,0.0,/kaggle/input/datasets/hintrngia/locked-densenet-xai-inputs/D-P/DenseNet121/seed_42/best_checkpoint.pt
E02_XAI_D_P_DenseNet121,D-P,DenseNet121,42,92,pneumonia,E-7725ED8C0E93C0BF91B23FCE.jpeg,1,0.9970512449224389,0.5634765625,1,1,0.8131594252126522,0.8131594061851501,0.38677978515625,2.1023834657857177,0.8564751908569975,0.8564751744270325,2.2143742349693936,1,1,176,144,207,179,0.9877365446623178,0.996535314267658,0.9903507869627591,0.99692154835948,0.000673158746161473,0.0014281900574772965,0.975344339941215,0.970453518194452,/kaggle/input/datasets/hintrngia/locked-densenet-xai-inputs/D-P/DenseNet121/seed_42/best_checkpoint.pt
E02_XAI_D_P_DenseNet121,D-P,DenseNet121,42,93,pneumonia,E-77D4D0C371CD4C8665643C00.jpeg,1,0.9811683855775865,0.5634765625,1,1,0.6627205711658545,0.6627205610275269,0.29443359375,2.2508320559662853,0.7185130706287157,0.7185130715370178,2.440322999415605,1,1,175,144,182,125,0.9776420676715777,0.9777546726831933,0.9762478204542473,0.9834668043368355,0.0001260872583679351,0.0011306246959956745,0.3558879174018641,0.4234723363041247,/kaggle/input/datasets/hintrngia/locked-densenet-xai-inputs/D-P/DenseNet121/seed_42/best_checkpoint.pt
E02_XAI_D_P_DenseNet121,D-P,DenseNet121,42,94,pneumonia,E-7B805F2D3984459EDD091000.jpeg,1,0.9984154212576366,0.5634765625,1,1,0.7381014048015487,0.7381014227867126,0.3260345458984375,2.263874838071526,0.8170101097449447,0.8170101046562195,2.505900433015617,1,1,207,175,210,157,0.996141751431098,0.9962565410994529,0.9963344590701557,0.9967227196250503,0.000268214755879459,0.0008139828066487942,0.8547766247199108,0.8905711443880705,/kaggle/input/datasets/hintrngia/locked-densenet-xai-inputs/D-P/DenseNet121/seed_42/best_checkpoint.pt
E02_XAI_D_P_DenseNet121,D-P,DenseNet121,42,95,pneumonia,E-8B99D004F7E59741CFAB602B.jpeg,1,0.9987636722023365,0.5634765625,1,1,0.8625310613509706,0.8625310659408569,0.44635009765625,1.9324092587411872,0.8490872903535631,0.8490872979164124,1.9022899172915053,1,1,207,175,210,230,0.9976039003872539,0.9969626954022532,0.9977387525150074,0.9976829694364006,0.0006818731134985434,0.00023973307416580436,0.29088629658258497,0.12056982410303135,/kaggle/input/datasets/hintrngia/locked-densenet-xai-inputs/D-P/DenseNet121/seed_42/best_checkpoint.pt
E02_XAI_D_P_DenseNet121,D-P,DenseNet121,42,96,pneumonia,E-8E859FAC3770F43BC30CF790.jpeg,1,0.9958461080589287,0.5634765625,1,1,0.7637506628910293,0.7637506723403931,0.32305908203125,2.3641206991888577,0.790997985576373,0.7909979820251465,2.448462307894067,1,1,176,112,207,154,0.9894181668553859,0.9936431290296088,0.9914531382915075,0.9959546196501544,0.0002620008431925003,0.0008424912517092098,0.900454458785395,0.8992633877505175,/kaggle/input/datasets/hintrngia/locked-densenet-xai-inputs/D-P/DenseNet121/seed_42/best_checkpoint.pt
E02_XAI_D_P_DenseNet121,D-P,DenseNet121,42,97,pneumonia,E-9A9C78D1B9953A6FD2BA65F6.jpeg,1,0.9994047336615431,0.5634765625,1,1,0.8145930175922255,0.8145930171012878,0.39300537109375,2.072727442185281,0.8409904598173188,0.8409904837608337,2.139895588390581,1,1,207,175,199,99,0.9962785798875994,0.9979641115665522,0.9959558842938487,0.9984879694927957,0.000446659351944767,0.001209976657642109,0.9817467903660722,0.9444249357777634,/kaggle/input/datasets/hintrngia/locked-densenet-xai-inputs/D-P/DenseNet121/seed_42/best_checkpoint.pt
E02_XAI_D_P_DenseNet121,D-P,DenseNet121,42,98,pneumonia,E-9B56CC62692974C989F872CC.jpeg,1,0.9948232127971613,0.5634765625,1,1,0.8041800447914268,0.8041800260543823,0.37744140625,2.130608967312862,0.8598934282626376,0.8598934412002563,2.2782170001059274,1,1,176,143,203,178,0.9870794191548933,0.9936577084097702,0.987689708482244,0.9959928482486847,0.0007219201589504509,0.00017327365622821223,0.9838905631890338,0.9672838445152501,/kaggle/input/datasets/hintrngia/locked-densenet-xai-inputs/D-P/DenseNet121/seed_42/best_checkpoint.pt
E02_XAI_D_P_DenseNet121,D-P,DenseNet121,42,99,pneumonia,E-9FC76B9714A55204D742CE4C.jpeg,1,0.9870030625393553,0.5634765625,1,1,0.7365013373291631,0.7365013360977173,0.32318115234375,2.2789117867424,0.740181268256031,0.7401812672615051,2.290298375657566,1,1,207,176,199,166,0.9812263082587886,0.9769164746978478,0.9844196363450607,0.9793865665613286,0.000902024023572201,0.0009683647830154296,0.4174044668656809,0.708750692893811,/kaggle/input/datasets/hintrngia/locked-densenet-xai-inputs/D-P/DenseNet121/seed_42/best_checkpoint.pt
E02_XAI_D_P_DenseNet121,D-P,DenseNet121,42,100,pneumonia,E-A0A20FFCEFD96663F4AB4E87.jpeg,1,0.993316418232843,0.5634765625,1,1,0.7493965754095203,0.749396562576294,0.3404388427734375,2.201266369326266,0.7972027942771672,0.7972027659416199,2.341691646530789,1,1,207,176,209,203,0.9856410181683153,0.9731889538347193,0.9747313213859871,0.9822419870435426,0.0005265325470308335,0.002170198826490277,-0.16097862988456813,-0.02030986480569773,/kaggle/input/datasets/hintrngia/locked-densenet-xai-inputs/D-P/DenseNet121/seed_42/best_checkpoint.pt
E02_XAI_D_P_DenseNet121,D-P,DenseNet121,42,101,pneumonia,E-A0D5A9410E976B289DD85CF6.jpeg,1,0.9959182503902865,0.5634765625,1,1,0.6376390460684851,0.637639045715332,0.2681732177734375,2.377713372582887,0.7425871934529327,0.7425872087478638,2.769057997731516,0,1,207,207,203,204,0.9725915348681768,0.972460232139025,0.9691887598468601,0.9878337272520543,0.0008092929830608719,0.002776714987046236,0.9363078890593223,0.9429667191278597,/kaggle/input/datasets/hintrngia/locked-densenet-xai-inputs/D-P/DenseNet121/seed_42/best_checkpoint.pt
E02_XAI_D_P_DenseNet121,D-P,DenseNet121,42,102,pneumonia,E-A540763BCA2A1AF575A9EE6B.jpeg,1,0.9941268490884398,0.5634765625,1,1,0.7844300368459757,0.7844300270080566,0.3713226318359375,2.1125295621425053,0.8483151800519474,0.8483151793479919,2.2845770963585132,1,1,207,144,203,171,0.9696444429347068,0.9700746940792095,0.9484632089947329,0.9800600682031635,0.0004235347711494253,0.001188738164448866,0.36407044281933293,0.4275765012215928,/kaggle/input/datasets/hintrngia/locked-densenet-xai-inputs/D-P/DenseNet121/seed_42/best_checkpoint.pt
E02_XAI_D_P_DenseNet121,D-P,DenseNet121,42,103,pneumonia,E-A9AC7ECA864D894719491A2C.jpeg,1,0.9919348161423877,0.5634765625,1,1,0.7507848033780646,0.7507848143577576,0.3572845458984375,2.101363778525938,0.8408009208705913,0.840800940990448,2.3533089536696594,1,1,207,143,86,86,0.9713535363472459,0.9858843096963202,0.967294730613393,0.9894234591617765,0.0007086339903198402,0.0005538786186681799,0.7806548367330509,0.8638333988495778,/kaggle/input/datasets/hintrngia/locked-densenet-xai-inputs/D-P/DenseNet121/seed_42/best_checkpoint.pt
E02_XAI_D_P_DenseNet121,D-P,DenseNet121,42,104,pneumonia,E-B15903E1E2039605DB9FB6A1.jpeg,1,0.9840209240865686,0.5634765625,1,1,0.6598208923869417,0.6598209142684937,0.2703704833984375,2.4404324173751686,0.6959022748225187,0.6959022879600525,2.573884050046198,1,1,80,79,187,97,0.9728423599737743,0.9672225925711684,0.9697055238120971,0.9761908225178395,0.0019888895376597437,0.002595123294933943,0.9191291748607789,0.9242907832856034,/kaggle/input/datasets/hintrngia/locked-densenet-xai-inputs/D-P/DenseNet121/seed_42/best_checkpoint.pt
E02_XAI_D_P_DenseNet121,D-P,DenseNet121,42,105,pneumonia,E-B29F964F9024332A9FD3DA8C.jpeg,1,0.9908189980715686,0.5634765625,1,1,0.8577963175802519,0.857796311378479,0.444091796875,1.9315743357936843,0.893910512652372,0.8939105272293091,2.0128957997933568,1,1,176,175,75,132,0.988793935612339,0.9896380351426178,0.9909544446864529,0.9913835049781575,0.00030991986757333834,0.0009745167070521754,0.7783701242779902,0.8807426178984307,/kaggle/input/datasets/hintrngia/locked-densenet-xai-inputs/D-P/DenseNet121/seed_42/best_checkpoint.pt
E02_XAI_D_P_DenseNet121,D-P,DenseNet121,42,106,pneumonia,E-B352C843937DC9BD58C4B554.jpeg,1,0.9505287841137383,0.5634765625,1,1,0.76942545995443,0.7694254517555237,0.322052001953125,2.3891342245604816,0.8508749313271821,0.8508749604225159,2.6420420496284565,1,1,48,112,63,125,0.9231952542052283,0.9548642474446107,0.8737368241472788,0.9602766987093481,0.0007615155153678499,0.0003801859855235845,0.6529261056325071,0.9099024708193695,/kaggle/input/datasets/hintrngia/locked-densenet-xai-inputs/D-P/DenseNet121/seed_42/best_checkpoint.pt
E02_XAI_D_P_DenseNet121,D-P,DenseNet121,42,107,pneumonia,E-B41848B096ED1788DCCEEDA2.jpeg,1,0.9893834160076787,0.5634765625,1,1,0.6845129680866099,0.6845129728317261,0.2685089111328125,2.5493119211527002,0.766418561703238,0.7664185762405396,2.854350563151867,1,1,207,175,207,161,0.9820055599709033,0.9831994617165054,0.9803052211593845,0.9856678622973236,0.0002695350357759807,0.002559186284440851,-0.06240208809834294,0.3329316644021535,/kaggle/input/datasets/hintrngia/locked-densenet-xai-inputs/D-P/DenseNet121/seed_42/best_checkpoint.pt
E02_XAI_D_P_DenseNet121,D-P,DenseNet121,42,108,pneumonia,E-B813D1454C73F6C74F660590.jpeg,1,0.9435534861468314,0.5634765625,1,1,0.6881552506447711,0.6881552338600159,0.2771453857421875,2.4830117550105006,0.7326457889017189,0.7326458096504211,2.6435431603514314,1,1,48,144,210,139,0.9522840757054667,0.9175136556735223,0.9193485705809903,0.9448165481860746,0.0005314673529420721,0.004257289348818971,0.884866083394384,0.9490923769610509,/kaggle/input/datasets/hintrngia/locked-densenet-xai-inputs/D-P/DenseNet121/seed_42/best_checkpoint.pt
E02_XAI_D_P_DenseNet121,D-P,DenseNet121,42,109,pneumonia,E-BF1AD901130E35A45E611B5A.jpeg,1,0.9959087024297238,0.5634765625,1,1,0.6999602986449733,0.6999602913856506,0.2906494140625,2.4082632366651078,0.7236917536946849,0.7236917614936829,2.489912997172137,1,1,207,176,206,186,0.9917983522600924,0.9916445830300327,0.9884157747865708,0.9947323007257368,0.0009451310398730373,0.0032012625054972377,0.8823469507424775,0.8872036185379869,/kaggle/input/datasets/hintrngia/locked-densenet-xai-inputs/D-P/DenseNet121/seed_42/best_checkpoint.pt
E02_XAI_D_P_DenseNet121,D-P,DenseNet121,42,110,pneumonia,E-BFFC08BEA9A0FA7A1279A0B5.jpeg,1,0.9981091452093162,0.5634765625,1,1,0.7864539587342163,0.7864539623260498,0.364898681640625,2.1552666488084635,0.8333472215743022,0.8333472013473511,2.283777014012439,1,1,48,144,204,170,0.9919969452697569,0.9884729229039222,0.9903229876031576,0.993101754589934,0.00029302073873982426,0.0008072241723340312,0.06422172345631735,0.06517768778504798,/kaggle/input/datasets/hintrngia/locked-densenet-xai-inputs/D-P/DenseNet121/seed_42/best_checkpoint.pt
E02_XAI_D_P_DenseNet121,D-P,DenseNet121,42,111,pneumonia,E-C378B1871ED2B8AC1E544A5B.jpeg,1,0.9913809692004073,0.5634765625,1,1,0.6108161662361897,0.6108161807060242,0.2780303955078125,2.1969402486392036,0.7424532750980384,0.7424532771110535,2.6704032619957765,1,1,175,144,187,127,0.9812967442108333,0.987049871068316,0.988101883256584,0.991341515080408,0.0015887912324407116,0.003571489814342521,-0.11874755050327657,-0.029869435341546464,/kaggle/input/datasets/hintrngia/locked-densenet-xai-inputs/D-P/DenseNet121/seed_42/best_checkpoint.pt
E02_XAI_D_P_DenseNet121,D-P,DenseNet121,42,112,pneumonia,E-D2A52B478FEFC3F6A00973AF.jpeg,1,0.9927991897113199,0.5634765625,1,1,0.7782921224558496,0.7782921195030212,0.35107421875,2.2168877145891237,0.819231482653126,0.8192315101623535,2.333499410950768,1,1,207,175,81,82,0.9869940782334743,0.9872764940288128,0.9852059823936803,0.9894375742890515,0.0002665716042956623,0.00024945876302795433,0.8678074371189408,0.9049544623612171,/kaggle/input/datasets/hintrngia/locked-densenet-xai-inputs/D-P/DenseNet121/seed_42/best_checkpoint.pt
E02_XAI_D_P_DenseNet121,D-P,DenseNet121,42,113,pneumonia,E-D33BB0B839138FAFF4DA3ED6.jpeg,1,0.9624135874549364,0.5634765625,1,1,0.7668302188922753,0.7668302059173584,0.3347625732421875,2.290668910402669,0.7934671822357001,0.7934671640396118,2.3702386277860814,1,1,48,144,44,150,0.941944936894377,0.9461819833294126,0.9240749337186742,0.9670713272498566,0.0005690802967047714,0.001990504299219653,0.5918942667000816,0.6808957854115948,/kaggle/input/datasets/hintrngia/locked-densenet-xai-inputs/D-P/DenseNet121/seed_42/best_checkpoint.pt
E02_XAI_D_P_DenseNet121,D-P,DenseNet121,42,114,pneumonia,E-DA47F22802134421DB0B257A.jpeg,1,0.9991687051358927,0.5634765625,1,1,0.7910683586307365,0.7910683751106262,0.39227294921875,2.016627351455732,0.8210624450473683,0.821062445640564,2.0930896374134247,1,1,207,176,210,173,0.996339441084397,0.9982873081388695,0.997575750598995,0.9988626962905884,0.0006487473067985361,0.0013568591716658363,0.8642923207974956,0.8959920846161521,/kaggle/input/datasets/hintrngia/locked-densenet-xai-inputs/D-P/DenseNet121/seed_42/best_checkpoint.pt
E02_XAI_D_P_DenseNet121,D-P,DenseNet121,42,115,pneumonia,E-E09BD72833F7B4079F215903.jpeg,1,0.9962500003688826,0.5634765625,1,1,0.7299946772269924,0.7299946546554565,0.3171234130859375,2.3019261495813006,0.7317779961328391,0.7317780256271362,2.3075495719848793,1,1,176,207,202,207,0.9836398506196962,0.9920055767363746,0.9797722690162509,0.9926237783715791,0.00037877871564451215,0.005545596716849399,0.970188751977728,0.9839643629717975,/kaggle/input/datasets/hintrngia/locked-densenet-xai-inputs/D-P/DenseNet121/seed_42/best_checkpoint.pt
E02_XAI_D_P_DenseNet121,D-P,DenseNet121,42,116,pneumonia,E-E0D541D212A934D795DA0D1B.jpeg,1,0.9917590671104741,0.5634765625,1,1,0.7421091260607681,0.7421091198921204,0.306488037109375,2.4213314590022152,0.8004937393214523,0.8004937171936035,2.6118270287847603,1,1,79,111,54,110,0.976963905525914,0.9881448880354641,0.9774560752806292,0.9893650227135714,0.0006608731855229921,0.002456783190631917,0.40915894184167434,0.5552345912457194,/kaggle/input/datasets/hintrngia/locked-densenet-xai-inputs/D-P/DenseNet121/seed_42/best_checkpoint.pt
E02_XAI_D_P_DenseNet121,D-P,DenseNet121,42,117,pneumonia,E-E1AD2A3BA30BC31AC67A922E.jpeg,1,0.9971844206107404,0.5634765625,1,1,0.7078013180399503,0.707801342010498,0.3279571533203125,2.1582127752787503,0.7070778917642297,0.7070779204368591,2.1560069192137234,1,0,207,207,77,54,0.9918025041443628,0.9885242968244419,0.9906677750038002,0.9905990138474455,0.0005171129891038406,0.004591843613365287,0.6277967408756382,0.7196292049706956,/kaggle/input/datasets/hintrngia/locked-densenet-xai-inputs/D-P/DenseNet121/seed_42/best_checkpoint.pt
E02_XAI_D_P_DenseNet121,D-P,DenseNet121,42,118,pneumonia,E-E280E4CD8F00E10AB30B96C9.jpeg,1,0.9639454515906466,0.5634765625,1,1,0.7581807065342017,0.7581806778907776,0.3293609619140625,2.301975018921725,0.8222496210809951,0.8222495913505554,2.496499938251753,1,1,111,79,178,95,0.9717386505055705,0.9513304052839036,0.9733169692027457,0.9565834023002169,0.0006417214923524206,0.003066256829316716,0.9051107755658319,0.980468344656186,/kaggle/input/datasets/hintrngia/locked-densenet-xai-inputs/D-P/DenseNet121/seed_42/best_checkpoint.pt
E02_XAI_D_P_DenseNet121,D-P,DenseNet121,42,119,pneumonia,E-E2EF7E089A1E8F497DBAC1CB.jpeg,1,0.990995196912438,0.5634765625,1,1,0.7636729520461131,0.763672947883606,0.3351898193359375,2.278329794022582,0.8284754102236893,0.8284754157066345,2.4716604217426004,1,1,111,79,81,64,0.986706010466164,0.9869777594405926,0.9830034204563329,0.9883742336177572,0.0017914265956501252,0.0023623852022615077,0.6776783157453387,0.6111861555025663,/kaggle/input/datasets/hintrngia/locked-densenet-xai-inputs/D-P/DenseNet121/seed_42/best_checkpoint.pt
E02_XAI_D_P_DenseNet121,D-P,DenseNet121,42,120,pneumonia,E-E7BF66D9C027E263610D5923.jpeg,1,0.9581274414620441,0.5634765625,1,1,0.8048175801469813,0.8048175573348999,0.3877410888671875,2.0756571930468133,0.8156483216039371,0.8156483173370361,2.103590114699761,1,1,176,144,205,176,0.9600065212725075,0.9522079728239574,0.9651154725216691,0.9475300462154929,0.00031823502945405036,0.002384520253008948,0.7650772474485594,0.8451136757038699,/kaggle/input/datasets/hintrngia/locked-densenet-xai-inputs/D-P/DenseNet121/seed_42/best_checkpoint.pt
E02_XAI_D_P_DenseNet121,D-P,DenseNet121,42,121,pneumonia,E-EB1401E2B7015C0BDE01BE91.jpeg,1,0.9891838116671829,0.5634765625,1,1,0.7295488643317288,0.7295488715171814,0.329986572265625,2.2108440938150458,0.8007805958549687,0.8007805943489075,2.426706609171887,1,1,48,175,58,164,0.9727532348371124,0.979836133011018,0.9633285842884182,0.9862542055560312,0.0003095551473154545,0.007388585749335208,0.0,0.0,/kaggle/input/datasets/hintrngia/locked-densenet-xai-inputs/D-P/DenseNet121/seed_42/best_checkpoint.pt
E02_XAI_D_P_DenseNet121,D-P,DenseNet121,42,122,pneumonia,E-EB344A640162B22F1A6C369F.jpeg,1,0.9839283424910836,0.5634765625,1,1,0.7176514374939367,0.7176514267921448,0.2807464599609375,2.5562261322682014,0.7666348606547929,0.7666348814964294,2.7307017896555523,1,1,48,143,55,141,0.9776785512591167,0.9585725748770177,0.9654949979684232,0.9662041752702567,0.0011738838614971936,0.010015741107471388,-0.10498821711183765,-0.033477700606332,/kaggle/input/datasets/hintrngia/locked-densenet-xai-inputs/D-P/DenseNet121/seed_42/best_checkpoint.pt
E02_XAI_D_P_DenseNet121,D-P,DenseNet121,42,123,pneumonia,E-EC00E01864643AB223676743.jpeg,1,0.9677269289875652,0.5634765625,1,1,0.7342930537989826,0.7342930436134338,0.3099517822265625,2.369055756105456,0.8108479516182884,0.8108479380607605,2.6160454564690663,1,1,79,112,83,100,0.9476342676043376,0.9752248107621151,0.9524430095926804,0.9741097968215625,0.00037284053777908444,0.002954575842823992,0.9094295811480317,0.9409046477488832,/kaggle/input/datasets/hintrngia/locked-densenet-xai-inputs/D-P/DenseNet121/seed_42/best_checkpoint.pt
E02_XAI_D_P_DenseNet121,D-P,DenseNet121,42,124,pneumonia,E-EF92BEF2BC79AC7D99E44B1F.jpeg,1,0.9713247477709203,0.5634765625,1,1,0.7304787729835546,0.7304787635803223,0.343048095703125,2.12937714021218,0.7208221073480877,0.7208220958709717,2.1012275432418948,1,1,48,143,207,205,0.9760523001144995,0.9417590483351695,0.9710095853839998,0.9528117030503447,8.06537430608767e-06,0.0017273243888847878,0.0,0.0,/kaggle/input/datasets/hintrngia/locked-densenet-xai-inputs/D-P/DenseNet121/seed_42/best_checkpoint.pt
E02_XAI_D_P_DenseNet121,D-P,DenseNet121,42,125,pneumonia,E-F051ECCC0E91B0C03A0B3894.jpeg,1,0.9977678444394633,0.5634765625,1,1,0.869226992353453,0.8692269921302795,0.5049896240234375,1.7212769352130501,0.8624496699641953,0.8624496459960938,1.7078562190896964,1,1,207,207,68,99,0.9925980834624761,0.9955859321409253,0.9936890393190885,0.9965634558664618,0.0004683283237782998,0.0003487229432767025,0.9831161777341694,0.9502312467960258,/kaggle/input/datasets/hintrngia/locked-densenet-xai-inputs/D-P/DenseNet121/seed_42/best_checkpoint.pt
E02_XAI_D_P_DenseNet121,D-P,DenseNet121,42,126,pneumonia,E-FA7B18636100FBD243EBAF3A.jpeg,1,0.9868051655746356,0.5634765625,1,1,0.6837367427592327,0.6837367415428162,0.2697601318359375,2.534610055629225,0.7752052402073873,0.7752052545547485,2.8736835014554747,1,1,207,175,209,148,0.9846827027061371,0.9755001354300434,0.9824887950484544,0.9790737479867888,0.00014481181148751077,0.0006489608530745317,0.03005295953139082,0.007258839412321025,/kaggle/input/datasets/hintrngia/locked-densenet-xai-inputs/D-P/DenseNet121/seed_42/best_checkpoint.pt
E02_XAI_D_P_DenseNet121,D-P,DenseNet121,42,127,pneumonia,E-FDAF56855798F8C5BE7AC652.jpeg,1,0.9979053314934219,0.5634765625,1,1,0.7727197022114156,0.77271968126297,0.37738037109375,2.047588484721306,0.8035847499329617,0.8035847544670105,2.1293761188584255,1,1,207,176,178,112,0.9937011200097207,0.9957354227450897,0.9945471460286015,0.9976347926913156,3.437806981976266e-05,0.00019545056343650558,0.0,0.0,/kaggle/input/datasets/hintrngia/locked-densenet-xai-inputs/D-P/DenseNet121/seed_42/best_checkpoint.pt
