"relative_path","size_bytes","sha256"
"results/locked_final/classification_runs/audits/B01_B04_AUDIT.md","1655","56701af43984ec3f559a8bc2f3879b60d6dbe7aaf673bc0b8f20bf3091427799"
"results/locked_final/classification_runs/audits/B01_B12_CLASSIFICATION_FINAL_AUDIT.md","2912","9b8be3719ae1a3b6ed23f66813f8e4eb735c70567ab3b2f1da0f5e0c7b03dc6a"
"results/locked_final/classification_runs/audits/B02_B05_AUDIT.md","2141","e4843dfd2e556bb9e8793b8a88691683ba80fb1a4b40ab326bd7483e1057113f"
"results/locked_final/classification_runs/audits/B03_B06_AUDIT.md","1555","4ed058270e363160fa1e2767cacfd863cc557078d8f3be00f69637b3738e256c"
"results/locked_final/classification_runs/audits/B07_B10_AUDIT.md","1650","98ac48db77194a23384a3e45a5f6fb355bbc41a64a2577ac373b3e8692f1ccf2"
"results/locked_final/classification_runs/audits/B08_B11_AUDIT.md","2033","608d5b64e005baf4acf7f1183b41a89f2f4a8da3a73a445c70eb1244ee9a07d5"
"results/locked_final/classification_runs/audits/B09_B12_AUDIT.md","1504","5f2d09a1fb21da81bef14cff9ca2cb4152b28fd407d5e4208ada4f053fb3ca9a"
"results/locked_final/classification_runs/B01_B12_CLASSIFICATION_VALIDATION_ANALYSIS.md","5270","391a0fb051727c45021f6b8f81c7ef72a52fbad13a7b929c75880aa9a6999494"
"results/locked_final/classification_runs/CLASSIFICATION_LOCKED_B01_B12_BY_RUN.csv","3452","abe0212fd1effda22275410760961dfe14ca6cd67d651030603c273e51cd46db"
"results/locked_final/classification_runs/CLASSIFICATION_LOCKED_B01_B12_SUMMARY.csv","2100","4d2f3af65421cc316d1b07464dbcab92a495bf3f461b6819fbb42c990707d1e7"
"results/locked_final/classification_runs/CLASSIFICATION_LOCKED_P_MINUS_C0_BY_SEED.csv","1736","7fdb5f562c609a586fe81bc142fb993cc1ee13ffa8dc4c0fc90a33a4110207ae"
"results/locked_final/classification_runs/D-C0/DenseNet121/seed_2024/calibration.json","88","4eddf3f43923d4b541da2885e4a979116446d36f42f2806a3fdef9049147f89b"
"results/locked_final/classification_runs/D-C0/DenseNet121/seed_2024/confusion_matrix.json","52","f24d9db7ba66c98d9e5c256590ddd2971f7f19fdfe05aa4833f9941f0c3310e0"
"results/locked_final/classification_runs/D-C0/DenseNet121/seed_2024/dataset_audit.json","1471","9f74546e108b79c59e95276b686aa7f953be55f2d5d5baac990b6e189821bdc0"
"results/locked_final/classification_runs/D-C0/DenseNet121/seed_2024/environment.json","210","3486a89d468f42ea897c53ab3daa1bec1d9010199b1694ac8ce2f0bfffb57d3f"
"results/locked_final/classification_runs/D-C0/DenseNet121/seed_2024/run_config.json","1181","cce0fcad8e37ef4a383e94c289d6eaab4b8486886cadb8a3a2fb60e948bfde4e"
"results/locked_final/classification_runs/D-C0/DenseNet121/seed_2024/run_status.json","203","827c0df0ef92c3153c7ff3a3efe920cc11a32b189a1cb95ce8c6b111da8c1543"
"results/locked_final/classification_runs/D-C0/DenseNet121/seed_2024/test_metrics.json","701","061142268a755ebd76a0268754c4486dabb1a7dde06c31be52a7a4e715ed95ca"
"results/locked_final/classification_runs/D-C0/DenseNet121/seed_2024/test_predictions.csv","331220","488db1e0b70e56174dce6804cb40ba5e47fb840cfb710004e76044de27ce0495"
"results/locked_final/classification_runs/D-C0/DenseNet121/seed_2024/threshold.json","102","3480adc2a4ce5436d025ef00617eb080883a3254363b3f109fffe4e68b2f86e5"
"results/locked_final/classification_runs/D-C0/DenseNet121/seed_2024/train_history.csv","6749","61de8b434a67bbcfbc1e8a98be8e2b3fa77aaa44718fa33a95f6a53dd1ae3faf"
"results/locked_final/classification_runs/D-C0/DenseNet121/seed_3407/calibration.json","88","ef5787f621f8520aefd25d0fa89c5666d115c3051ce84afc9bb2bc44f7c68b5c"
"results/locked_final/classification_runs/D-C0/DenseNet121/seed_3407/confusion_matrix.json","51","706898cd3aaa36829787b2ea5e62ca67e3845c3eb6f5f650f41409eb00a156dc"
"results/locked_final/classification_runs/D-C0/DenseNet121/seed_3407/dataset_audit.json","1471","809921dfff121c2beaf8bdebacf32d7adca9a38f0fbbc6b8519f16537717eea9"
"results/locked_final/classification_runs/D-C0/DenseNet121/seed_3407/environment.json","210","3486a89d468f42ea897c53ab3daa1bec1d9010199b1694ac8ce2f0bfffb57d3f"
"results/locked_final/classification_runs/D-C0/DenseNet121/seed_3407/run_config.json","1181","ed9f37082124ad0b82b53afb9134d6f30bbd489a750c4cb484bfce8e104cf0ab"
"results/locked_final/classification_runs/D-C0/DenseNet121/seed_3407/run_status.json","202","d8881d69b0fa049e404d432baa5155fb20f8e16feda4e99553d829ab6e058862"
"results/locked_final/classification_runs/D-C0/DenseNet121/seed_3407/test_metrics.json","710","1053d1cf7a7c8093832c79e14d62c3477f05a0c82ccfc372e10e26a95ee3c66a"
"results/locked_final/classification_runs/D-C0/DenseNet121/seed_3407/test_predictions.csv","331579","30d23b745b14ad6d69621590eabb08eb0b1f57c22750258bc3a3ea04f4379f28"
"results/locked_final/classification_runs/D-C0/DenseNet121/seed_3407/threshold.json","102","99d56705e87e2f2e8d401dca570c55335da8e52452e44287975398dbce7b36ba"
"results/locked_final/classification_runs/D-C0/DenseNet121/seed_3407/train_history.csv","4354","1d88ab759f255eb46cb83235beece19a1089546dd3463c656b5b63b8840101c8"
"results/locked_final/classification_runs/D-C0/DenseNet121/seed_42/calibration.json","88","fbd6efd967a018786228a79f5f10dcd755027738f84491af133403bd7f9fb646"
"results/locked_final/classification_runs/D-C0/DenseNet121/seed_42/confusion_matrix.json","51","54e5197fc871e543accd0346511e254f0170fe8a9523c01ee128b49af7d37af3"
"results/locked_final/classification_runs/D-C0/DenseNet121/seed_42/dataset_audit.json","1465","a543ca22d4fa44adf601b4cade5ed57f536762b32b63c4c97ed2dec0483aa510"
"results/locked_final/classification_runs/D-C0/DenseNet121/seed_42/environment.json","210","3486a89d468f42ea897c53ab3daa1bec1d9010199b1694ac8ce2f0bfffb57d3f"
"results/locked_final/classification_runs/D-C0/DenseNet121/seed_42/run_config.json","1175","bdb86ced70b09ee491060439d6988ad4794db88b6ddb959b4e66cfde19a07d66"
"results/locked_final/classification_runs/D-C0/DenseNet121/seed_42/run_status.json","201","2e1a5ddcc94f0a6ade62d779a1c0fb4f4804e796f1676a3a36b56393f5e3d5a0"
"results/locked_final/classification_runs/D-C0/DenseNet121/seed_42/test_metrics.json","705","9f325c3e464a5dcde03139e0845bb571625df22900e6186771e42ef405a34669"
"results/locked_final/classification_runs/D-C0/DenseNet121/seed_42/test_predictions.csv","326888","81d6924dab57f3eb01ac4e3c5b772286796b48e8826547b77b6eceb72fac14fb"
"results/locked_final/classification_runs/D-C0/DenseNet121/seed_42/threshold.json","101","85d7c9b3ce681c7118ade7ff79eb63e8d8e235d019d3efb0792e0df0e6ff4508"
"results/locked_final/classification_runs/D-C0/DenseNet121/seed_42/train_history.csv","4354","4c34d2ff99825e6341c0ff234c267d504a4096c0628b385a67b2596f47743962"
"results/locked_final/classification_runs/DENSENET_LOCKED_3SEED_BY_RUN.csv","1807","8f1d4ab7039501e6a471481e1ba124c2f3a0cb0ed37410fca902e5e36937d4cb"
"results/locked_final/classification_runs/DENSENET_LOCKED_3SEED_SUMMARY.csv","1212","843298310bef6ce98414e94293c26fc10df92b4aa2ce07ba2b7dee1878e72817"
"results/locked_final/classification_runs/D-P/DenseNet121/seed_2024/calibration.json","88","d233be1f535c28280279b1f1bdb617d9792bd3c216192a603a3fa7246ffb9695"
"results/locked_final/classification_runs/D-P/DenseNet121/seed_2024/confusion_matrix.json","52","4834f9c5ae57bde1c6856394011f9904897cc2986fc383ca9d5be7b01dc1c5d4"
"results/locked_final/classification_runs/D-P/DenseNet121/seed_2024/dataset_audit.json","1468","f136b02b6ef2854d7b18fb6d5bd538a442ceb5e0a5898abc482d3bea577fd38e"
"results/locked_final/classification_runs/D-P/DenseNet121/seed_2024/environment.json","210","3486a89d468f42ea897c53ab3daa1bec1d9010199b1694ac8ce2f0bfffb57d3f"
"results/locked_final/classification_runs/D-P/DenseNet121/seed_2024/run_config.json","1175","90fa45435c2626c05320f05889860b349032ff9566cad90f15dd360bd03f2639"
"results/locked_final/classification_runs/D-P/DenseNet121/seed_2024/run_status.json","201","8acddf91542d4b6755033d6413f4f442bd73cd3422495cdb94aadcb6a6e2c6f0"
"results/locked_final/classification_runs/D-P/DenseNet121/seed_2024/test_metrics.json","706","18a9fef502a9cf255e5d0ace267485172e3cdc8998e06173d85d12f0436f42d9"
"results/locked_final/classification_runs/D-P/DenseNet121/seed_2024/test_predictions.csv","330529","beb77daafb2baa58c9e3824b7dbdbe74a2735f7bed93865eab0a3bde1b3b68f6"
"results/locked_final/classification_runs/D-P/DenseNet121/seed_2024/threshold.json","102","1c2addf27aa5add59c2cd28ec9bb39b336c6812fd66a102cae111a80c4ded7f5"
"results/locked_final/classification_runs/D-P/DenseNet121/seed_2024/train_history.csv","7758","fe6950f4898b8f2405c6c909b251f97627a74cfc918576392cc97918be10151c"
"results/locked_final/classification_runs/D-P/DenseNet121/seed_3407/calibration.json","88","1795ea80743dfe44628898573e69fedaa505197c22b41c4018d628fb222788e1"
"results/locked_final/classification_runs/D-P/DenseNet121/seed_3407/confusion_matrix.json","51","c15498e22353a3a2a3e130d8544d4737e05fa5b64e18f55cb73d37aaabbde328"
"results/locked_final/classification_runs/D-P/DenseNet121/seed_3407/dataset_audit.json","1468","f57c4d29fd4c278d4bc197e241ffb79279ad602ccdbb67c3c91e9ac022e9b033"
"results/locked_final/classification_runs/D-P/DenseNet121/seed_3407/environment.json","210","3486a89d468f42ea897c53ab3daa1bec1d9010199b1694ac8ce2f0bfffb57d3f"
"results/locked_final/classification_runs/D-P/DenseNet121/seed_3407/run_config.json","1175","cc31451597c087467a4b355e05add41df9e6f51dc8f2a4712bec44510a5e6b16"
"results/locked_final/classification_runs/D-P/DenseNet121/seed_3407/run_status.json","201","8330a73a393bb34990620ce932df07700c4fa76771c868936acf0b2b34362484"
"results/locked_final/classification_runs/D-P/DenseNet121/seed_3407/test_metrics.json","708","b742368ad29b1f6ee530b2ddd9b290d4dc875f65374eb5281d8840a774e3d2d6"
"results/locked_final/classification_runs/D-P/DenseNet121/seed_3407/test_predictions.csv","330765","9d62db3cc7a383c92b28a85e24330c18d286129321f1f0de922a19023dcceabc"
"results/locked_final/classification_runs/D-P/DenseNet121/seed_3407/threshold.json","102","36d9c9163be49dee0f0ca1744ccebf9e94be074ec2d81ca0d85219ab212dae79"
"results/locked_final/classification_runs/D-P/DenseNet121/seed_3407/train_history.csv","4104","1431ad2c99e176f8a550f4abe05ddc0a50ac4bc9fe8266eeae6f41f8fe55fcf9"
"results/locked_final/classification_runs/D-P/DenseNet121/seed_42/calibration.json","88","d823efdc2f3be36a0eccc99ee81f39173896e00dbc3a2b3d01612de10ebd58de"
"results/locked_final/classification_runs/D-P/DenseNet121/seed_42/confusion_matrix.json","51","695ceb36e779db438d1204259153676e24eec7408ca2bdfa652a195b0caf9535"
"results/locked_final/classification_runs/D-P/DenseNet121/seed_42/dataset_audit.json","1462","b6456a7d2f6da2f3bd5fb0b36093584a073d5bfa193ca325c140569989dd48c9"
"results/locked_final/classification_runs/D-P/DenseNet121/seed_42/environment.json","210","3486a89d468f42ea897c53ab3daa1bec1d9010199b1694ac8ce2f0bfffb57d3f"
"results/locked_final/classification_runs/D-P/DenseNet121/seed_42/run_config.json","1169","4456fe2b3eb81c0dd11c0119bba15a2d21f0d822314ecb5ced5af0ecab7c0acf"
"results/locked_final/classification_runs/D-P/DenseNet121/seed_42/run_status.json","200","3ae4c4103fe5fc384cabc3cbdfdd18b142d2b591f4bf7f306fbc3a4b9f2cb6a0"
"results/locked_final/classification_runs/D-P/DenseNet121/seed_42/test_metrics.json","704","2605e8cbeb40be9dbde0761afaca27edea683d5bf280994196f8c9fad874cf47"
"results/locked_final/classification_runs/D-P/DenseNet121/seed_42/test_predictions.csv","326351","d643c0a93d2da42f9d7b92a1c4a918ced54a4e226e9d6618e4b5fa4c47e2f869"
"results/locked_final/classification_runs/D-P/DenseNet121/seed_42/threshold.json","101","60d5774cf5060f7414e482dbc31973f0f6d5629a90de553c056ec1a212bd89f5"
"results/locked_final/classification_runs/D-P/DenseNet121/seed_42/train_history.csv","6424","f66cfa024f6f69abf3982d5a5f0280ca3cdeea00990e4fec03391eb6bad27d55"
"results/locked_final/classification_runs/logs/kaggleb01.log","10299","db31ef6d7a537bd592b658a598170f2e5d861f00c48927a4789278ee6454f6ac"
"results/locked_final/classification_runs/logs/kaggleb02.log","10271","a29419ce6a92126ca753f0f65ab7e042a061b1b9383224bf2b58f80f2a3c3629"
"results/locked_final/classification_runs/logs/kaggleb03.log","11239","3ef8015530264c22a54fac01424e6781ca1c6a49a32cc4e7a857110182676889"
"results/locked_final/classification_runs/logs/kaggleb04.log","10126","b4b3bcd248ce16aaec5708c1fc545ac674235d76fb925af07aafaf2a9bf49214"
"results/locked_final/classification_runs/logs/kaggleb05.log","13568","e42a56065f23159d797962331d48dea89f714366b3e3ce79242d3acc5da17b0e"
"results/locked_final/classification_runs/logs/kaggleb06.log","11896","8412d0b41921bf75652811b0694805e775f3c8f2d085a455fb274176d8fc3f36"
"results/locked_final/classification_runs/logs/kaggleb07.log","11818","7b45da0059689cfadb279d3cdff2a0096fe7fb38423aa7fb47015d7a1f0e7ce2"
"results/locked_final/classification_runs/logs/kaggleb08.log","10227","bc077a19385d33f7c46a832a80afc6b46077563995d557b649945dfaa7da1e27"
"results/locked_final/classification_runs/logs/kaggleb09.log","9750","1b58ec4d2041b41076ae10f3ebb9bdd17f5e5e8a03105814b317e90e3238aa12"
"results/locked_final/classification_runs/logs/kaggleb10.log","12312","2d70fc1791ba951d7108e1bfcb604a9e40f884c170ee7789093442892fc6f54a"
"results/locked_final/classification_runs/logs/kaggleb11.log","11573","1bc933b9910f177300e0f3cd25bc726ad26b481b64738b83048cd71fb9e95e09"
"results/locked_final/classification_runs/logs/kaggleb12.log","11147","2539241e4eba53ba95d5f357d6d8aad0b2c3f12a4fe003b44f98d8574b8eebc8"
"results/locked_final/classification_runs/R-C0/ResNet50/seed_2024/calibration.json","88","87a2de0b1db4826aaf924a94d3d132461f4543b7a30686266db38f9e0ed6228e"
"results/locked_final/classification_runs/R-C0/ResNet50/seed_2024/confusion_matrix.json","51","e7053c1d4fda34078f90b2e0b4901665857a5f908b5c9686cec889a7c35e9cde"
"results/locked_final/classification_runs/R-C0/ResNet50/seed_2024/dataset_audit.json","1471","22a1f4472fd46a149d2a7071463eac298234dc3208aab755b1ba0f8cd4f464e6"
"results/locked_final/classification_runs/R-C0/ResNet50/seed_2024/environment.json","210","3486a89d468f42ea897c53ab3daa1bec1d9010199b1694ac8ce2f0bfffb57d3f"
"results/locked_final/classification_runs/R-C0/ResNet50/seed_2024/run_config.json","1175","751e83ee9f63f22506ca1d3b116d20812094a5815022d4ec9b96f781e1b692ff"
"results/locked_final/classification_runs/R-C0/ResNet50/seed_2024/run_status.json","202","f69e11115bba26484f96f74894f9c822cae8283ee8a43ffdf4075605e86cdc85"
"results/locked_final/classification_runs/R-C0/ResNet50/seed_2024/test_metrics.json","703","c7807f218ac3f662e43c793893b0aff9a16a79dfb423b2cc833466df118a1d6f"
"results/locked_final/classification_runs/R-C0/ResNet50/seed_2024/test_predictions.csv","328517","433b8909ce6e1d17f846ab569426345afb29a9eefdeb8d03cd0be4739340f325"
"results/locked_final/classification_runs/R-C0/ResNet50/seed_2024/threshold.json","99","1b35be43897f82d0d93de2237cffcdbf98ada22cba19f4b44be31dcb719c3bf1"
"results/locked_final/classification_runs/R-C0/ResNet50/seed_2024/train_history.csv","3105","64c03280d6abede9dbeaa7da8eeb287f27a46bd877d3ebb6a4a2c2b4e44c5b3d"
"results/locked_final/classification_runs/R-C0/ResNet50/seed_3407/calibration.json","88","9772f4e9e0304d50c6f5f25450c84f9dbf30a61b17f83b056ffb81f425e28210"
"results/locked_final/classification_runs/R-C0/ResNet50/seed_3407/confusion_matrix.json","51","c829ed54d569b78e8b47e29ce448f45d0c931c0c8b7af4c6d61737ace31c7d9c"
"results/locked_final/classification_runs/R-C0/ResNet50/seed_3407/dataset_audit.json","1471","72a239495379691a4e4ff9813dc7c63e1c99e483d4671fb4828e58037ce04bb6"
"results/locked_final/classification_runs/R-C0/ResNet50/seed_3407/environment.json","210","3486a89d468f42ea897c53ab3daa1bec1d9010199b1694ac8ce2f0bfffb57d3f"
"results/locked_final/classification_runs/R-C0/ResNet50/seed_3407/run_config.json","1175","740ec3fdcf4bde214e186bf0249efa7fa1a9b2616d4347a9b7be173ec4e4bd07"
"results/locked_final/classification_runs/R-C0/ResNet50/seed_3407/run_status.json","202","139cc333e7cc5c0cb65bbdaf54407025dce1cfc0c661aa3eb0886fbd94e449ba"
"results/locked_final/classification_runs/R-C0/ResNet50/seed_3407/test_metrics.json","706","d9619eb23b6413cbcace8b0b5916735c6a1a194f62dc958ae4943bf6229181c1"
"results/locked_final/classification_runs/R-C0/ResNet50/seed_3407/test_predictions.csv","329348","d286b3922a72263a0bd8920fa83fb81d126ccadaa4b1214a83f934fe8cb65a43"
"results/locked_final/classification_runs/R-C0/ResNet50/seed_3407/threshold.json","100","cbdce4de5f4ae5a4e781257db6b3880878d2fac3531fc1c4c3307fe673193e1c"
"results/locked_final/classification_runs/R-C0/ResNet50/seed_3407/train_history.csv","3544","78d07f138c415c4c9308f6ded0252de4195cedb9de632e263d5a8ab7dd3ea92c"
"results/locked_final/classification_runs/R-C0/ResNet50/seed_42/calibration.json","88","177db0eecc46337f512f267eaa2d14f30d3ddde5d857a3ea5aa5211a1b498ea6"
"results/locked_final/classification_runs/R-C0/ResNet50/seed_42/confusion_matrix.json","52","347a52ef60eac1b3e7d4615edb33e940d2c20aac5805e4d6253b6df9cc08fb73"
"results/locked_final/classification_runs/R-C0/ResNet50/seed_42/dataset_audit.json","1465","b534c683ce5712493638a00712df2b2a4932a8daf023c84e0963de9c07a45ee5"
"results/locked_final/classification_runs/R-C0/ResNet50/seed_42/environment.json","210","3486a89d468f42ea897c53ab3daa1bec1d9010199b1694ac8ce2f0bfffb57d3f"
"results/locked_final/classification_runs/R-C0/ResNet50/seed_42/run_config.json","1169","6cad4d90f1e2a13953d52d806e56ed19a6934fda32462b8b48c2ba75edb5dd83"
"results/locked_final/classification_runs/R-C0/ResNet50/seed_42/run_status.json","200","bca0ed5e2627e743a18c354d7c1b7be5141d8aabe171374fa97a742004644611"
"results/locked_final/classification_runs/R-C0/ResNet50/seed_42/test_metrics.json","705","a4148b8b9873f681e7388c2d502fd96d457446824de80e72647406771deac43f"
"results/locked_final/classification_runs/R-C0/ResNet50/seed_42/test_predictions.csv","326310","2d8c93deac127a3a80a5d04aef3aa4be852bc9c591fdd408da9f10ca9e7220b3"
"results/locked_final/classification_runs/R-C0/ResNet50/seed_42/threshold.json","101","eefa66bf7cd831f1dd19b8f65c8e8f13eed648b0d282f3a1e687b24f3e8dda64"
"results/locked_final/classification_runs/R-C0/ResNet50/seed_42/train_history.csv","4085","6b322bf863b98a48efa6a7992f7f33bd52536a04dd58b689f7dea04be6e14d76"
"results/locked_final/classification_runs/R-P/ResNet50/seed_2024/calibration.json","88","c72a80c600b326bdb9157e544a638548d6cfcf3a03ba2bf327f634b26e4a3b10"
"results/locked_final/classification_runs/R-P/ResNet50/seed_2024/confusion_matrix.json","51","507c4c2ae968721fff8383897ef14d49fb8cadbf4a280d81e6fd74c37624795c"
"results/locked_final/classification_runs/R-P/ResNet50/seed_2024/dataset_audit.json","1468","ef8fc63abf5ceb61589fb8d2a65097f6651204aa8a0c5645e3f53941fbbf8554"
"results/locked_final/classification_runs/R-P/ResNet50/seed_2024/environment.json","210","3486a89d468f42ea897c53ab3daa1bec1d9010199b1694ac8ce2f0bfffb57d3f"
"results/locked_final/classification_runs/R-P/ResNet50/seed_2024/run_config.json","1169","f5e1a704fe591a51c9b83b7f929925dca8e57e948958db610b1c3a285d496f01"
"results/locked_final/classification_runs/R-P/ResNet50/seed_2024/run_status.json","202","b79f4011b9bed40f074b8b333287f441cfd82ea27a1bbbccb9c028ca140333d7"
"results/locked_final/classification_runs/R-P/ResNet50/seed_2024/test_metrics.json","702","b225cb3d4ce14d7978a9a157cc1faf0a517376630a15b02bfa83fb3960a914e2"
"results/locked_final/classification_runs/R-P/ResNet50/seed_2024/test_predictions.csv","327751","1ebecb5fde788ba822cfce8f8b2a37784b78be3c85fac8e9f4da4b0190cbf1f2"
"results/locked_final/classification_runs/R-P/ResNet50/seed_2024/threshold.json","101","123dfd7a1bf51d004cc01019226334b5115ad47794950c94f39b368d51c2b12f"
"results/locked_final/classification_runs/R-P/ResNet50/seed_2024/train_history.csv","5477","3399d56e9ac8c1b8059412187e100ab7f8553236a32d4c6192d39eef0ee3c102"
"results/locked_final/classification_runs/R-P/ResNet50/seed_3407/calibration.json","88","75b64b1761beb4cd9c8afc644ad1e843f97a2093131e89351796e4f77a28c3e7"
"results/locked_final/classification_runs/R-P/ResNet50/seed_3407/confusion_matrix.json","51","029e95c8b5cb7af9be764bea2b1fe03ee709c48300a08417862ffcefdf276a68"
"results/locked_final/classification_runs/R-P/ResNet50/seed_3407/dataset_audit.json","1468","9a99ed40be47d1b19331be6f2f1c697fa18d2efcaf77ce4e43e727823c5a5829"
"results/locked_final/classification_runs/R-P/ResNet50/seed_3407/environment.json","210","3486a89d468f42ea897c53ab3daa1bec1d9010199b1694ac8ce2f0bfffb57d3f"
"results/locked_final/classification_runs/R-P/ResNet50/seed_3407/run_config.json","1169","81b6dfa6951dfb98c538a0ff4d10fcbf61a91a4ddf9156b8fae2093470ee4418"
"results/locked_final/classification_runs/R-P/ResNet50/seed_3407/run_status.json","201","cbae36c04ab7bf19a8ed460ce3beeaf46e70eb91df72667230195247c98192a5"
"results/locked_final/classification_runs/R-P/ResNet50/seed_3407/test_metrics.json","707","90136379508635735e9dc415f70dc3c966fca967d83b6e4521977df2c021c3fc"
"results/locked_final/classification_runs/R-P/ResNet50/seed_3407/test_predictions.csv","327976","1a3ef7506bc94406f2668a04c33097a8f2257b75c3ecb3132e36f6321b8c581f"
"results/locked_final/classification_runs/R-P/ResNet50/seed_3407/threshold.json","102","f5728910af3bf2a82e0bb5363316ddac9e9b9e4bb4814a0e15105532a192c354"
"results/locked_final/classification_runs/R-P/ResNet50/seed_3407/train_history.csv","8415","ee691e76c216c8c9d67b48bcff6ac3e2c5710da2c186b8cbba55b846590a83f9"
"results/locked_final/classification_runs/R-P/ResNet50/seed_42/calibration.json","88","f51de18ba6948dc785c7ca31ef6e2fbcee48b609ce32cf8d50767dac3f2deb49"
"results/locked_final/classification_runs/R-P/ResNet50/seed_42/confusion_matrix.json","52","00ff9ec9af85bf3cea0949d5da3258a5fd115f0bdec7cffa16abc518ddafa911"
"results/locked_final/classification_runs/R-P/ResNet50/seed_42/dataset_audit.json","1462","335e9707e1848a54d8666bc42d69467b91c7b3c3fa37b697e208b6f16b14c81c"
"results/locked_final/classification_runs/R-P/ResNet50/seed_42/environment.json","210","3486a89d468f42ea897c53ab3daa1bec1d9010199b1694ac8ce2f0bfffb57d3f"
"results/locked_final/classification_runs/R-P/ResNet50/seed_42/run_config.json","1163","f50541eb9c792a42b82eaf1eaf874a9f99e91b9925b1e9d6b5517ea12583e597"
"results/locked_final/classification_runs/R-P/ResNet50/seed_42/run_status.json","200","fd561f1259816957839fe027b9406cce707af744990a64f2349b857db040e88b"
"results/locked_final/classification_runs/R-P/ResNet50/seed_42/test_metrics.json","701","4f54dddcf441a54130d5ee14cdbffa3bc57784498e4d7aef44aedcd3611d5f06"
"results/locked_final/classification_runs/R-P/ResNet50/seed_42/test_predictions.csv","324256","f83a6b0a8c85567b5eee21ad462bd44dd62b14d679e4da0af4bb95da4403eb25"
"results/locked_final/classification_runs/R-P/ResNet50/seed_42/threshold.json","102","22470cafb6cdabf89d11a2e8287f8840bced926526f58102230d476b3a4bd68c"
"results/locked_final/classification_runs/R-P/ResNet50/seed_42/train_history.csv","6713","5cd1509768fb1eed997893fc6f749f3970f151bf79051174ac0c21b30fe5bca7"
"results/locked_final/classification_statistics/by_run_bootstrap_ci.csv","14602","429e3c12cb3fa5ddf2648619076141a86600090821f6c69092ea09badbec4462"
"results/locked_final/classification_statistics/by_run_point_metrics.csv","3476","5a18eec04691062731636be79a1026fa07aeb663bda22e21a8f1aa0db7f0fe34"
"results/locked_final/classification_statistics/classification_delta_table.csv","1167","df1d7b06cee9fa69ce1aba13e6ca2e3ef3b5affb55f0d49c4d21b34c6810ad8f"
"results/locked_final/classification_statistics/classification_statistics_summary.md","3853","16c516b415adbe4ce471f1a1137e3827ed6425788c78290af4f89c4e47a25113"
"results/locked_final/classification_statistics/classification_summary_table.csv","976","908937526033b8fdbd23d88cd383cab9d95def926ad724e8c2465cd96a3abd83"
"results/locked_final/classification_statistics/input_validation.csv","1942","d121cc9a301537128eb30c6d16d926f28f9e324c8f2b558968aea87a8e063171"
"results/locked_final/classification_statistics/mcnemar_tests.csv","774","92950f9ac2169ff6357d4072a8660af52a0af70df025a43ca621f02f542c6b45"
"results/locked_final/classification_statistics/paired_delta_bootstrap_ci.csv","4136","4e8cc38980412c6fd9bdd997f6bd2b4151bf6efcb4e0ed6eb2d4ff45393f5ade"
"results/locked_final/classification_statistics/setting_mean_sd.csv","4638","4c924bd6a73e54919f1314b9aec195ab3f9131b8a3ef082b5077cfe0dfb2d765"
"results/locked_final/classification_statistics/statistics_audit.json","3266","ccb94702cf9056adba7ef7264373d45abe683ede6ee04c3311f85fc5588307db"
"results/locked_final/paper_evidence_audit.md","13989","232f7c88775f6fc1cb5c8b35d2022e4ab76d88b876cf634ef08ebd9b87e6d7d4"
"results/locked_final/paper_evidence_plan.md","12323","e946f880b8c36c4be1f8dc4e6431d911165094ba63b4e451f527811e60bb593d"
"results/locked_final/README.md","2114","544c7420b28ffa0d915c48fcf8ba41f3ff242ad524d842a8c8d884384f4a6604"
"results/locked_final/reference_reproduction/dataset_audit.json","272","57160e1c83c1e7d86b9e736f7eb81763ccf7a425954970a8b74c06e33f5444c1"
"results/locked_final/reference_reproduction/dataset_presence_audit.json","234","c393b5b66604b5d2ffc87742307bb2d9cc6b3b731b956bf5bb9c30f8a9bf342c"
"results/locked_final/reference_reproduction/DenseNet121_seed2024/original_reproduction_predictions_seed2024.csv","231484","8150d91a049a7e21a982a274e9870c97c0d682e0cf7b6e992198d84a129b6e3c"
"results/locked_final/reference_reproduction/DenseNet121_seed2024/test_metrics.json","562","341db670fba0519e6c93d726021f8b3fd7c7dc83ffe35e7cddd5a0fea7bbb968"
"results/locked_final/reference_reproduction/DenseNet121_seed2024/train_history.csv","2957","beda3be8c027a5dc153cf16605220b486627f923b6b20aa7446fe89ef114dfb2"
"results/locked_final/reference_reproduction/DenseNet121_seed3407/original_reproduction_predictions_seed3407.csv","221695","a7530a7807bee18466797bd2863397b128a1f6f3cd3fd9bced6c111fdfdf6d4b"
"results/locked_final/reference_reproduction/DenseNet121_seed3407/test_metrics.json","535","da4b2b3691c8e9fe89232cc0da2dc07a3f7b7fb49733ab84ebc1942850a14c13"
"results/locked_final/reference_reproduction/DenseNet121_seed3407/train_history.csv","3499","8e8dc155600bce3a279a7411e65554facb0b5fe311e449df3d28fab1db98719a"
"results/locked_final/reference_reproduction/DenseNet121_seed42/original_reproduction_predictions_seed42.csv","218001","23f6c3b3c37ce852635acef4082c91a1a26600af07ff46de1041f546597511fc"
"results/locked_final/reference_reproduction/DenseNet121_seed42/test_metrics.json","532","d3a220658a43653692c70afee53d31293f6a684b90e36efa26ca8077f818db7a"
"results/locked_final/reference_reproduction/DenseNet121_seed42/train_history.csv","5329","6269effb14870f045e00d5ee01d03d7a2623d391a5c16b48ce584142bce68b93"
"results/locked_final/reference_reproduction/environment.json","210","3486a89d468f42ea897c53ab3daa1bec1d9010199b1694ac8ce2f0bfffb57d3f"
"results/locked_final/reference_reproduction/logs/kagglea01.log","18008","906a500cf9867480291436d6bcce09b8e4c15b289845ac81fc5f022ae3b7a690"
"results/locked_final/reference_reproduction/original_reproduction_config.json","744","210242f2e229016308831303397928bfe9b8ceb2c8e13e5feb0a047ebc367aa5"
"results/locked_final/reference_reproduction/original_reproduction_metrics_by_seed.csv","1559","ce529b4159af2d7359dba4f9514767f8f0a1b5e93f58501cfbe03f20a8a4eab4"
"results/locked_final/reference_reproduction/original_reproduction_summary.csv","502","460a293543b28c22d6698f12d3cb27ad3309c361181c9859f6e35842c006be2f"
"results/locked_final/reference_reproduction/original_reproduction_summary.json","1168","21a9c52ff8bbd831f1db3b4b5e4f8da2f670552d5731b3885dbf05a32ab4cc55"
"results/locked_final/reference_reproduction/reference_reproduction_audit.md","1420","de95a87b84d00f3fe44d33163210a5ef5880e0cd151c5e01f166ca0306f11c7f"
"results/locked_final/reference_reproduction/ResNet50_seed2024/original_reproduction_predictions_seed2024.csv","218260","99c4cb7b28027e40e08f9c00845676384759d82ad6d597214ec3fdee43be28f1"
"results/locked_final/reference_reproduction/ResNet50_seed2024/test_metrics.json","529","850089b449fa3fd11ed5df8adcd3c61c356cad52901eaf20c016d8b38b9fe777"
"results/locked_final/reference_reproduction/ResNet50_seed2024/train_history.csv","3304","9fab2a22d0c3cadfaf08a8473b0279dec68f1eb2bc2ae8d07f0b4df4782ea051"
"results/locked_final/reference_reproduction/ResNet50_seed3407/original_reproduction_predictions_seed3407.csv","216711","18d1ca4632a8114f05512b92553e1388e0ed7959227b55cb0bb45fdff1490a50"
"results/locked_final/reference_reproduction/ResNet50_seed3407/test_metrics.json","528","44604f5cbd71fa71715df8c2712b08a0b3d3651c2a3431c6ad4a64b6664b7932"
"results/locked_final/reference_reproduction/ResNet50_seed3407/train_history.csv","2744","887d2c9c78a4a9aac262715ed0373591accf68f914d3654cf6528d718d425481"
"results/locked_final/reference_reproduction/ResNet50_seed42/original_reproduction_predictions_seed42.csv","213197","668054eb52827e107f02959f9455974530fc0189637ef8bfcaf28f4daee1ed53"
"results/locked_final/reference_reproduction/ResNet50_seed42/test_metrics.json","543","aa363c051f6b6b1d4e6a6d7bf1d236cd4108f7e6877cb83faa986beaf7fe75f3"
"results/locked_final/reference_reproduction/ResNet50_seed42/train_history.csv","3662","15e4c850bf442e02d57fa82a11d72e6e54440fe61842bc3d4c1695b1336d1558"
"results/locked_final/xai_manifest/logs/kagglec00.log","5254","1f31ef482b7adab072619654771075d522059f193611ae9d4bc443a60c0f714f"
"results/locked_final/xai_manifest/xai_manifest_dataset_presence_audit.json","234","c393b5b66604b5d2ffc87742307bb2d9cc6b3b731b956bf5bb9c30f8a9bf342c"
"results/locked_final/xai_manifest/xai_manifest_eligibility_audit.json","181","fd6b1bf5e811d73f6cd10b58e2187600d55d3a665c18ad894a22cb2b73f0904b"
"results/locked_final/xai_manifest/xai_sample_manifest_128.csv","58852","ab1f02d26d2cc7f0db86d25f8f05bf87e9069be48c4a33ea04e7a580911ebbef"
"results/locked_final/xai_manifest/xai_sample_manifest_128_summary.json","362","1afec9c370d891593c12da3e7e831d9d4cfae2cc7d540df5d73d10e915da18e2"
"results/locked_final/xai_runs/aggregate/figures/xai_localization_metrics_bar.png","70527","3dc76ab785b82616e675b41f450c1c3b6bcc1570e3a9456f64383a759256a9ce"
"results/locked_final/xai_runs/aggregate/figures/xai_p_minus_c0_localization_delta_ci.png","71690","0bb8f9854c3851fabef367868c8dddbc82ac985b5ebb0976c4adc1e485d34467"
"results/locked_final/xai_runs/aggregate/selected_qualitative/selected_qualitative_summary.json","581","9885d73c3c0348efff0b7b24c85b46d2c83ccaf61a890222834e27b1a8d34e8c"
"results/locked_final/xai_runs/aggregate/selected_qualitative/xai_qualitative_densenet_guided_cases_candidate_pool.csv","20965","b116013a53819df690269ab1034015f163be1c0e8699c30e1a134c5edeaebc66"
"results/locked_final/xai_runs/aggregate/selected_qualitative/xai_qualitative_densenet_guided_cases_recomputed_audit.csv","2134","da63116c2baf035191f5665746b039661cea3cd10b81bc4b5d99576974c55b68"
"results/locked_final/xai_runs/aggregate/selected_qualitative/xai_qualitative_densenet_guided_cases_selected_cases.csv","879","c2807bca93a785a574ae310b85d89a3b3e22db10b689ab186d8e68d9ccd8be38"
"results/locked_final/xai_runs/aggregate/selected_qualitative/xai_qualitative_resnet_guided_cases_candidate_pool.csv","21026","720bafb2e20f4c8a4a7528f0b6495eed3c8b7dd4dc03fdfb738abb8eec8e11eb"
"results/locked_final/xai_runs/aggregate/selected_qualitative/xai_qualitative_resnet_guided_cases_recomputed_audit.csv","2107","2179d9a1ca2d969d8ccd2866a9d54dfc8fe4d25e8dde572be8fb9e8ab814e21a"
"results/locked_final/xai_runs/aggregate/selected_qualitative/xai_qualitative_resnet_guided_cases_selected_cases.csv","879","64af0317224e100816548e5be048e6670f092e876f39c704bcc04999860081d4"
"results/locked_final/xai_runs/aggregate/xai_aggregate_audit.json","2353","9482930e30381b6ef06e3ae2343243048cb201aca9a01a15e23b9c5e7161d089"
"results/locked_final/xai_runs/aggregate/xai_all_by_image.csv","852993","dadae1e51ea71ea3ddd9bd1d596642dad97c05a3f292c23da837182ac4851bad"
"results/locked_final/xai_runs/aggregate/xai_delta_table.csv","765","4aae3f122aa0fa5e420b11d06bc038a08b5f7fba7f6ebc4b8451526f43e0d5d2"
"results/locked_final/xai_runs/aggregate/xai_input_validation.csv","562","df9e541e2bbd0cd373bb23197decc15df3826133ed06bcf8e8d1ccab86ee9277"
"results/locked_final/xai_runs/aggregate/xai_p_minus_c0_paired_delta_ci.csv","5313","3f196e00cf68ac24228a5319d124cb01794c5758112e413732593dde39f8933d"
"results/locked_final/xai_runs/aggregate/xai_pointing_sign_tests.csv","869","e080f59344c0ceab2d9d40502ade15362ca6368e3fb4cecb9929b6ff9ad74515"
"results/locked_final/xai_runs/aggregate/xai_statistics_summary.md","3961","9867980e9afbe58077afbcc94df97b834ecaf06dd97816ab54b70e94f908d149"
"results/locked_final/xai_runs/aggregate/xai_summary_by_setting.csv","5529","00dfcdb2f35f523289fe0c59b8299c71087d93f4772f72ae3e2024fdb6396ea4"
"results/locked_final/xai_runs/aggregate/xai_summary_table.csv","655","998bc16cfcf7d12598f72e4b3a3bfd3c687f1dabca0fba72ebfd2ad155f37d81"
"results/locked_final/xai_runs/audits/densenet_xai_audit.md","3850","1168cfe09e922f2cb51b6407300995fc92af05bb3c8e9173a0485562d2e796c4"
"results/locked_final/xai_runs/audits/resnet_xai_audit.md","3135","5be8afda08c26f49314ecba939a87195ae17fd8653fb86e9beab61e6e0fb13c0"
"results/locked_final/xai_runs/E01_XAI_D_C0_DenseNet121/input_audit.json","284","a05a0a0efa94bb4c26ae4ac961c1987df4003bfabee665c9b8c47929b439bf2e"
"results/locked_final/xai_runs/E01_XAI_D_C0_DenseNet121/xai_metrics_by_image.csv","209036","70543b812e3c5fc55ba166f366d33e667cb18c73ff07aaaa340c72bc29a5a352"
"results/locked_final/xai_runs/E01_XAI_D_C0_DenseNet121/xai_metrics_by_image_partial.csv","209036","70543b812e3c5fc55ba166f366d33e667cb18c73ff07aaaa340c72bc29a5a352"
"results/locked_final/xai_runs/E01_XAI_D_C0_DenseNet121/xai_metrics_seed_2024.csv","70316","3b7b73e78e361c6bcf35007cc69dacdeec5f2638f54c2954f024df1285052501"
"results/locked_final/xai_runs/E01_XAI_D_C0_DenseNet121/xai_metrics_seed_3407.csv","70353","153210fbe14cf2b330b656a8acf925facc54fb2561131168023e29323f99454c"
"results/locked_final/xai_runs/E01_XAI_D_C0_DenseNet121/xai_metrics_seed_42.csv","69627","7143c2ac8bc119ab21a125e0bbc2e0612d7914bb5329ca3d358bf284c3948f28"
"results/locked_final/xai_runs/E01_XAI_D_C0_DenseNet121/xai_run_audit.json","925","e760d8c2dc20f51f6358c9410045013604b21c4e36f5d3a2e4bcde9c4667b81c"
"results/locked_final/xai_runs/E01_XAI_D_C0_DenseNet121/xai_summary_by_seed.csv","1129","908c76ecc648cd019f0a200f6c3b73493ddd81243a802b34ab7b43b13c55d3d2"
"results/locked_final/xai_runs/E02_XAI_D_P_DenseNet121/input_audit.json","284","a05a0a0efa94bb4c26ae4ac961c1987df4003bfabee665c9b8c47929b439bf2e"
"results/locked_final/xai_runs/E02_XAI_D_P_DenseNet121/xai_metrics_by_image.csv","207386","1af3283c38604b16ca7de157ca165f37f40bb9533e1de22c084794269ffd54f0"
"results/locked_final/xai_runs/E02_XAI_D_P_DenseNet121/xai_metrics_by_image_partial.csv","207386","1af3283c38604b16ca7de157ca165f37f40bb9533e1de22c084794269ffd54f0"
"results/locked_final/xai_runs/E02_XAI_D_P_DenseNet121/xai_metrics_seed_2024.csv","69814","866ccb6a1b3b6041b180f32cf284dc59ca7500a0b7af0dd0dd28b67df525c89a"
"results/locked_final/xai_runs/E02_XAI_D_P_DenseNet121/xai_metrics_seed_3407.csv","69762","b34d9d84c75eaf44b1b9642644e3b9aaef2c920c7cb9cca2d7a854cc648f78d6"
"results/locked_final/xai_runs/E02_XAI_D_P_DenseNet121/xai_metrics_seed_42.csv","69070","61a5ee26bf3906c305bcd7c8c7585475605b59bb6c307ed73751d7cc4913c97a"
"results/locked_final/xai_runs/E02_XAI_D_P_DenseNet121/xai_run_audit.json","922","ff693d5da08ff508d2f0f1c24d34030b9d535397a0c5d2836bf34ecf837d8a5b"
"results/locked_final/xai_runs/E02_XAI_D_P_DenseNet121/xai_summary_by_seed.csv","1114","d28259b8aad5b45658a034cf74569b07fb476ce10e34ce7b9584c35f35ff330e"
"results/locked_final/xai_runs/E03_XAI_R_C0_ResNet50/input_audit.json","284","a05a0a0efa94bb4c26ae4ac961c1987df4003bfabee665c9b8c47929b439bf2e"
"results/locked_final/xai_runs/E03_XAI_R_C0_ResNet50/xai_metrics_by_image.csv","204410","941584b88b009ce03755fdd5b7d901f6e0521197689f66b78810ef69a1e9b6c1"
"results/locked_final/xai_runs/E03_XAI_R_C0_ResNet50/xai_metrics_by_image_partial.csv","204410","941584b88b009ce03755fdd5b7d901f6e0521197689f66b78810ef69a1e9b6c1"
"results/locked_final/xai_runs/E03_XAI_R_C0_ResNet50/xai_metrics_seed_2024.csv","68502","3571f9db8d2c6534adb2808d08a4502666246bef6e9feb4fa0bc7fe464586622"
"results/locked_final/xai_runs/E03_XAI_R_C0_ResNet50/xai_metrics_seed_3407.csv","68723","09e6ae69fdb796697bb1b4c4aa596794794e84cc60b7a659d881495e01401a95"
"results/locked_final/xai_runs/E03_XAI_R_C0_ResNet50/xai_metrics_seed_42.csv","68445","7afaddec4b4d7fe789a565ffb2b64c9c0b3e0dd5266788c030546e14944e2089"
"results/locked_final/xai_runs/E03_XAI_R_C0_ResNet50/xai_run_audit.json","919","a0698bff73ed0eefa8716f2996c5ded247d762c03806028338ab2dba93924b10"
"results/locked_final/xai_runs/E03_XAI_R_C0_ResNet50/xai_summary_by_seed.csv","1109","e9b3d6fc932ca3cacbbdba05d2a52314506523b558312b7e85efd9ac7b7c290b"
"results/locked_final/xai_runs/E04_XAI_R_P_ResNet50/input_audit.json","284","a05a0a0efa94bb4c26ae4ac961c1987df4003bfabee665c9b8c47929b439bf2e"
"results/locked_final/xai_runs/E04_XAI_R_P_ResNet50/xai_metrics_by_image.csv","203502","9cc9f567b220e6ca8650d3ac30befedc6215a2b6ac02f4fe13db7a927c91e212"
"results/locked_final/xai_runs/E04_XAI_R_P_ResNet50/xai_metrics_by_image_partial.csv","203502","9cc9f567b220e6ca8650d3ac30befedc6215a2b6ac02f4fe13db7a927c91e212"
"results/locked_final/xai_runs/E04_XAI_R_P_ResNet50/xai_metrics_seed_2024.csv","68434","eb8e262caef23ba49ae3cdede6890fea037d8b73b00f5c26e4e3f01becc166e9"
"results/locked_final/xai_runs/E04_XAI_R_P_ResNet50/xai_metrics_seed_3407.csv","68357","68dab378032c0a211c49e1a9aac73d4c6fa8d9886cf11c88b9e41ecbde23d794"
"results/locked_final/xai_runs/E04_XAI_R_P_ResNet50/xai_metrics_seed_42.csv","67971","55fb618a55448321e1014f7e07da9de8f54f42a1c2ef90c91e40b4b4faf2987f"
"results/locked_final/xai_runs/E04_XAI_R_P_ResNet50/xai_run_audit.json","916","988b3b23586ecd5df35add238b8865ec1486079ba2647cb53d14d98d485632cb"
"results/locked_final/xai_runs/E04_XAI_R_P_ResNet50/xai_summary_by_seed.csv","1095","5a823a41d9c3e3c1683c16bdda4523a71e7eda4d033c6af44cd7e32c89ce140f"
"results/locked_final/xai_runs/logs/xaie01.log","20402","6e55d3311a29452ff595b61e07ff3464a589e655f3863ba360db55c80851216e"
"results/locked_final/xai_runs/logs/xaie02.log","20090","45809b7c7d2bb50a49183ea476459f410280dc8973ccb9183b1bb2752d9c035a"
"results/locked_final/xai_runs/logs/xaie03.log","19711","bfe7d7d989db39a92a73847f0805e62ace4418186ca88f3a943957b45925b55e"
"results/locked_final/xai_runs/logs/xaie04.log","19938","b206001a6b468a11f8ac46454c80b0294f1e3d88cbb673739c2859d2fdfd5c15"
