architecture,comparison,candidate_component,reference_component,metric,mean_delta,ci_low,ci_high,bootstrap_n,ci_level,n_seeds,all_seed_deltas,supports_improvement_at_95ci
DenseNet121,CBAM-only minus C0,CBAM-only,C0,auroc,-0.0014391116955219108,-0.005639701585214343,0.0025716359850975305,5000,0.95,3,"[-0.0009587990357219356, -0.0007779969318431057, -0.002580539119000691]",False
DenseNet121,CBAM-only minus C0,CBAM-only,C0,auprc,-0.004796881371696278,-0.010326520016046186,0.00032434515552628665,5000,0.95,3,"[-0.0050247477891243175, 0.0006694708148856643, -0.010035367140850182]",False
DenseNet121,CBAM-only minus C0,CBAM-only,C0,accuracy,0.012286324786324817,0.0026709401709401983,0.021367521367521364,5000,0.95,3,"[0.017628205128205177, 0.008012820512820484, 0.011217948717948789]",True
DenseNet121,CBAM-only minus C0,CBAM-only,C0,balanced_accuracy,0.016096866096866114,0.004127492877492842,0.027920227920227896,5000,0.95,3,"[0.021794871794871717, 0.010683760683760757, 0.015811965811965867]",True
DenseNet121,CBAM-only minus C0,CBAM-only,C0,sensitivity,0.0008547008547008517,-0.0034188034188034067,0.005128205128205147,5000,0.95,3,"[0.00512820512820511, 0.0, -0.002564102564102555]",False
DenseNet121,CBAM-only minus C0,CBAM-only,C0,specificity,0.03133903133903134,0.007122507122507134,0.055555555555555504,5000,0.95,3,"[0.038461538461538436, 0.021367521367521403, 0.03418803418803418]",True
DenseNet121,CBAM-only minus C0,CBAM-only,C0,precision,0.01227812532788671,0.0028243821416533855,0.021348019755947967,5000,0.95,3,"[0.016129316420014028, 0.008264674056591703, 0.012440385507054397]",True
DenseNet121,CBAM-only minus C0,CBAM-only,C0,npv,0.0027535792076471832,-0.008989045485702745,0.014907999066444593,5000,0.95,3,"[0.014532744665195052, 0.0005140331037318813, -0.006786040145985384]",False
DenseNet121,CBAM-only minus C0,CBAM-only,C0,f1,0.007878991194591714,0.0018244092125555972,0.013804544065883365,5000,0.95,3,"[0.011832554174824539, 0.0050735932547362195, 0.006730826154214387]",True
DenseNet121,CBAM-only minus C0,CBAM-only,C0,brier,0.00990254059228135,0.006107104525908093,0.014001944516276692,5000,0.95,3,"[-0.004990650689857518, 0.01706441434555181, 0.01763385812114976]",False
DenseNet121,CBAM-only minus C0,CBAM-only,C0,ece,0.01279299992781415,0.008813296194769395,0.016618338201799962,5000,0.95,3,"[-0.0039683305300199645, 0.023111798824408086, 0.019235531489054325]",False
DenseNet121,mask-loss-only minus C0,mask-loss-only,C0,auroc,0.002542187157571818,-0.0017952827087442055,0.006766427423478718,5000,0.95,3,"[0.011943896559281186, -0.006108919570457894, 0.0017915844838921613]",False
DenseNet121,mask-loss-only minus C0,mask-loss-only,C0,auprc,-0.00016888594722748915,-0.005541363998008086,0.004929505222709912,5000,0.95,3,"[0.010103409699890764, -0.009672328923757911, -0.0009377386178153202]",False
DenseNet121,mask-loss-only minus C0,mask-loss-only,C0,accuracy,-0.009081196581196549,-0.018162393162393136,-3.700743415417188e-17,5000,0.95,3,"[-0.004807692307692291, 0.004807692307692291, -0.027243589743589647]",False
DenseNet121,mask-loss-only minus C0,mask-loss-only,C0,balanced_accuracy,-0.012108262108262066,-0.02365028490028491,-0.0005698005698005668,5000,0.95,3,"[-0.008119658119658202, 0.0064102564102564985, -0.03461538461538449]",False
DenseNet121,mask-loss-only minus C0,mask-loss-only,C0,sensitivity,0.0,-0.0034188034188034067,0.0034188034188034067,5000,0.95,3,"[0.00512820512820511, 0.0, -0.00512820512820511]",False
DenseNet121,mask-loss-only minus C0,mask-loss-only,C0,specificity,-0.024216524216524187,-0.04700854700854703,-0.0014245014245014194,5000,0.95,3,"[-0.021367521367521403, 0.012820512820512886, -0.06410256410256404]",False
DenseNet121,mask-loss-only minus C0,mask-loss-only,C0,precision,-0.008824541935437321,-0.01748075232977052,-0.0002369165503649436,5000,0.95,3,"[-0.007452087611225178, 0.004938313506541947, -0.02395985170162873]",False
DenseNet121,mask-loss-only minus C0,mask-loss-only,C0,npv,-0.0015941310098918453,-0.012327767387006196,0.007754126236953796,5000,0.95,3,"[0.013179237631792406, 0.00031282586027114867, -0.01827445652173909]",False
DenseNet121,mask-loss-only minus C0,mask-loss-only,C0,f1,-0.005543895766330631,-0.01119788739678712,4.450223024594664e-05,5000,0.95,3,"[-0.0025216582130827003, 0.0030371899209130637, -0.017147219006822256]",False
DenseNet121,mask-loss-only minus C0,mask-loss-only,C0,brier,0.010999507047647341,0.007142763446089416,0.015170210098626282,5000,0.95,3,"[-0.026317217676501636, 0.024254396988272947, 0.03506134183117071]",False
DenseNet121,mask-loss-only minus C0,mask-loss-only,C0,ece,0.009551649419670405,0.005741538094659141,0.013250315367666056,5000,0.95,3,"[-0.02759539164029637, 0.023814730155162334, 0.03243560974414525]",False
DenseNet121,CBAM+mask-loss minus C0,CBAM+mask-loss,C0,auroc,0.006897874205566534,0.003248867703995939,0.010475701293008998,5000,0.95,3,"[0.006766381766381779, -0.0007177295638832737, 0.014644970414201097]",True
DenseNet121,CBAM+mask-loss minus C0,CBAM+mask-loss,C0,auprc,0.005724478088168117,0.0024817138137123705,0.009105743273727492,5000,0.95,3,"[0.004281990227935517, -0.0007151054927787559, 0.013606549529347589]",True
DenseNet121,CBAM+mask-loss minus C0,CBAM+mask-loss,C0,accuracy,0.010149572649572688,0.001602564102564134,0.018696581196581203,5000,0.95,3,"[0.0016025641025640969, 0.024038461538461564, 0.004807692307692402]",True
DenseNet121,CBAM+mask-loss minus C0,CBAM+mask-loss,C0,balanced_accuracy,0.01296296296296299,0.001994301994301987,0.024074074074074064,5000,0.95,3,"[0.00042735042735042583, 0.03205128205128205, 0.0064102564102564985]",True
DenseNet121,CBAM+mask-loss minus C0,CBAM+mask-loss,C0,sensitivity,0.0017094017094017033,0.0,0.004273504273504296,5000,0.95,3,"[0.00512820512820511, 0.0, 0.0]",False
DenseNet121,CBAM+mask-loss minus C0,CBAM+mask-loss,C0,specificity,0.024216524216524277,0.0014245014245014564,0.04561965811965766,5000,0.95,3,"[-0.004273504273504258, 0.06410256410256421, 0.012820512820512886]",True
DenseNet121,CBAM+mask-loss minus C0,CBAM+mask-loss,C0,precision,0.009745913859397196,0.0012308573071324552,0.018315503469708908,5000,0.95,3,"[-0.0008540372670807761, 0.025319319249643257, 0.004772459595629108]",True
DenseNet121,CBAM+mask-loss minus C0,CBAM+mask-loss,C0,npv,0.005070979412513628,0.00011684989186501101,0.012150339249590837,5000,0.95,3,"[0.013593380614657202, 0.0014406454091432375, 0.0001789122137404453]",True
DenseNet121,CBAM+mask-loss minus C0,CBAM+mask-loss,C0,f1,0.006637762410506361,0.001347195997242473,0.012090188394325843,5000,0.95,3,"[0.0015325670498084198, 0.015397354935487217, 0.002983365246223446]",True
DenseNet121,CBAM+mask-loss minus C0,CBAM+mask-loss,C0,brier,-0.012786404265862689,-0.016415084227798436,-0.009174456414227362,5000,0.95,3,"[-0.01031432995324183, -0.012405679538792694, -0.015639203305553545]",True
DenseNet121,CBAM+mask-loss minus C0,CBAM+mask-loss,C0,ece,-0.015253262642102416,-0.018910634797862414,-0.011387579232199569,5000,0.95,3,"[-0.008020572173289858, -0.020680155509557457, -0.017059060243459934]",True
DenseNet121,CBAM+mask-loss minus CBAM-only,CBAM+mask-loss,CBAM-only,auroc,0.008336985901088445,0.0030827215282342828,0.013709182555336496,5000,0.95,3,"[0.007725180802103715, 6.026736795983201e-05, 0.017225509533201788]",True
DenseNet121,CBAM+mask-loss minus CBAM-only,CBAM+mask-loss,CBAM-only,auprc,0.010521359459864396,0.004110203051294106,0.017168405815889593,5000,0.95,3,"[0.009306738017059835, -0.0013845763076644202, 0.02364191667019777]",True
DenseNet121,CBAM+mask-loss minus CBAM-only,CBAM+mask-loss,CBAM-only,accuracy,-0.002136752136752129,-0.011217948717948715,0.006410256410256425,5000,0.95,3,"[-0.01602564102564108, 0.01602564102564108, -0.0064102564102563875]",False
DenseNet121,CBAM+mask-loss minus CBAM-only,CBAM+mask-loss,CBAM-only,balanced_accuracy,-0.003133903133903123,-0.014818376068376073,0.007977207977207948,5000,0.95,3,"[-0.02136752136752129, 0.02136752136752129, -0.009401709401709368]",False
DenseNet121,CBAM+mask-loss minus CBAM-only,CBAM+mask-loss,CBAM-only,sensitivity,0.0008547008547008517,-0.002564102564102555,0.004273504273504258,5000,0.95,3,"[0.0, 0.0, 0.002564102564102555]",False
DenseNet121,CBAM+mask-loss minus CBAM-only,CBAM+mask-loss,CBAM-only,specificity,-0.00712250712250706,-0.02991452991452992,0.014245014245014268,5000,0.95,3,"[-0.042735042735042694, 0.042735042735042805, -0.02136752136752129]",False
DenseNet121,CBAM+mask-loss minus CBAM-only,CBAM+mask-loss,CBAM-only,precision,-0.0025322114684895127,-0.011519777928401358,0.006123211929734436,5000,0.95,3,"[-0.016983353687094804, 0.017054645193051554, -0.0076679259114252885]",False
DenseNet121,CBAM+mask-loss minus CBAM-only,CBAM+mask-loss,CBAM-only,npv,0.0023174002048664453,-0.007132690193013412,0.012159603264125084,5000,0.95,3,"[-0.0009393640505378498, 0.0009266123054113562, 0.006964952359725829]",False
DenseNet121,CBAM+mask-loss minus CBAM-only,CBAM+mask-loss,CBAM-only,f1,-0.0012412287840853538,-0.007057563926980954,0.004315812595739976,5000,0.95,3,"[-0.010299987125016119, 0.010323761680750998, -0.0037474609079909404]",False
DenseNet121,CBAM+mask-loss minus CBAM-only,CBAM+mask-loss,CBAM-only,brier,-0.02268894485814404,-0.02684856077533555,-0.018414180711159314,5000,0.95,3,"[-0.005323679263384312, -0.029470093884344503, -0.033273061426703304]",True
DenseNet121,CBAM+mask-loss minus CBAM-only,CBAM+mask-loss,CBAM-only,ece,-0.028046262569916564,-0.03189512185561355,-0.023614356431186753,5000,0.95,3,"[-0.004052241643269894, -0.043791954333965544, -0.03629459173251426]",True
DenseNet121,CBAM+mask-loss minus mask-loss-only,CBAM+mask-loss,mask-loss-only,auroc,0.004355687047994716,-4.5657096939994615e-08,0.008881264153700072,5000,0.95,3,"[-0.005177514792899407, 0.00539119000657462, 0.012853385930308936]",False
DenseNet121,CBAM+mask-loss minus mask-loss-only,CBAM+mask-loss,mask-loss-only,auprc,0.005893364035395606,0.0004921915992905225,0.011453472862184271,5000,0.95,3,"[-0.005821419471955247, 0.008957223430979155, 0.01454428814716291]",True
DenseNet121,CBAM+mask-loss minus mask-loss-only,CBAM+mask-loss,mask-loss-only,accuracy,0.019230769230769235,0.009615384615384618,0.028846153846153855,5000,0.95,3,"[0.0064102564102563875, 0.019230769230769273, 0.03205128205128205]",True
DenseNet121,CBAM+mask-loss minus mask-loss-only,CBAM+mask-loss,mask-loss-only,balanced_accuracy,0.025071225071225056,0.012535612535612526,0.037752849002849,5000,0.95,3,"[0.008547008547008628, 0.02564102564102555, 0.04102564102564099]",True
DenseNet121,CBAM+mask-loss minus mask-loss-only,CBAM+mask-loss,mask-loss-only,sensitivity,0.0017094017094017033,-0.0017094017094017033,0.00512820512820511,5000,0.95,3,"[0.0, 0.0, 0.00512820512820511]",False
DenseNet121,CBAM+mask-loss minus mask-loss-only,CBAM+mask-loss,mask-loss-only,specificity,0.048433048433048465,0.024180911680911788,0.07407407407407406,5000,0.95,3,"[0.017094017094017144, 0.05128205128205132, 0.07692307692307693]",True
DenseNet121,CBAM+mask-loss minus mask-loss-only,CBAM+mask-loss,mask-loss-only,precision,0.018570455794834517,0.00901745631887824,0.028243180894522817,5000,0.95,3,"[0.006598050344144402, 0.02038100574310131, 0.02873231129725784]",True
DenseNet121,CBAM+mask-loss minus mask-loss-only,CBAM+mask-loss,mask-loss-only,npv,0.006665110422405474,-0.002778486577021666,0.01777523370191188,5000,0.95,3,"[0.0004141429828647958, 0.0011278195488720888, 0.018453368735479536]",False
DenseNet121,CBAM+mask-loss minus mask-loss-only,CBAM+mask-loss,mask-loss-only,f1,0.012181658176836993,0.006101286133087135,0.018425788790616637,5000,0.95,3,"[0.00405422526289112, 0.012360165014574154, 0.020130584253045702]",True
DenseNet121,CBAM+mask-loss minus mask-loss-only,CBAM+mask-loss,mask-loss-only,brier,-0.02378591131351003,-0.028065759366006603,-0.0195209818248967,5000,0.95,3,"[0.016002887723259807, -0.03666007652706564, -0.05070054513672426]",True
DenseNet121,CBAM+mask-loss minus mask-loss-only,CBAM+mask-loss,mask-loss-only,ece,-0.02480491206177282,-0.028810619467344034,-0.02044797786790084,5000,0.95,3,"[0.01957481946700651, -0.04449488566471979, -0.04949466998760518]",True
ResNet50,CBAM-only minus C0,CBAM-only,C0,auroc,-0.006176492073927897,-0.010729509094893716,-0.001820759368836245,5000,0.95,3,"[-0.01465044926583381, -0.008141573526188828, 0.004262546570238945]",False
ResNet50,CBAM-only minus C0,CBAM-only,C0,auprc,-0.0064462303997322445,-0.01257717979069972,-0.0003761998951003683,5000,0.95,3,"[-0.012371638961389042, -0.01368356555734973, 0.006716513319542039]",False
ResNet50,CBAM-only minus C0,CBAM-only,C0,accuracy,0.030982905982905984,0.019764957264957306,0.04166666666666663,5000,0.95,3,"[-0.027243589743589758, 0.09134615384615385, 0.028846153846153855]",True
ResNet50,CBAM-only minus C0,CBAM-only,C0,balanced_accuracy,0.0421652421652422,0.02777777777777779,0.05584045584045586,5000,0.95,3,"[-0.035470085470085344, 0.12350427350427351, 0.038461538461538436]",True
ResNet50,CBAM-only minus C0,CBAM-only,C0,sensitivity,-0.002564102564102555,-0.006837606837606813,0.0017094017094017033,5000,0.95,3,"[-0.002564102564102555, -0.00512820512820511, 0.0]",False
ResNet50,CBAM-only minus C0,CBAM-only,C0,specificity,0.08689458689458691,0.0584045584045584,0.11396011396011395,5000,0.95,3,"[-0.06837606837606836, 0.25213675213675213, 0.07692307692307698]",True
ResNet50,CBAM-only minus C0,CBAM-only,C0,precision,0.032881094589895965,0.0216026671320901,0.043435745083630274,5000,0.95,3,"[-0.028044221177268347, 0.09545986150726538, 0.031227643439690866]",True
ResNet50,CBAM-only minus C0,CBAM-only,C0,npv,-0.005094921907161061,-0.016150965693443396,0.005642561076040604,5000,0.95,3,"[-0.008320793130919713, -0.008548479632817019, 0.0015845070422535468]",False
ResNet50,CBAM-only minus C0,CBAM-only,C0,f1,0.019232935744686874,0.012174444872328776,0.02601914125739005,5000,0.95,3,"[-0.017908301769370194, 0.056850260497747884, 0.018756848505682933]",True
ResNet50,CBAM-only minus C0,CBAM-only,C0,brier,-0.012115985356026177,-0.01592892814973793,-0.008105665021122331,5000,0.95,3,"[-0.008183115893165754, -0.010630850085875942, -0.017533990089036833]",True
ResNet50,CBAM-only minus C0,CBAM-only,C0,ece,-0.014910382083338522,-0.018874012405036843,-0.011073220845980537,5000,0.95,3,"[-0.018761506447425275, -0.00968892757709211, -0.01628071222549818]",True
ResNet50,mask-loss-only minus C0,mask-loss-only,C0,auroc,-0.0003652567755132082,-0.004149773540799176,0.0033788078018846825,5000,0.95,3,"[0.006892395353933822, -0.008371685294762288, 0.00038351961428884085]",False
ResNet50,mask-loss-only minus C0,mask-loss-only,C0,auprc,-0.0009254919703740594,-0.0045446332666956935,0.002482813203656939,5000,0.95,3,"[0.005214047559276569, -0.00877243073304157, 0.0007819072626428225]",False
ResNet50,mask-loss-only minus C0,mask-loss-only,C0,accuracy,0.018696581196581203,0.009081196581196624,0.02831196581196586,5000,0.95,3,"[-0.0064102564102563875, 0.03685897435897434, 0.02564102564102566]",True
ResNet50,mask-loss-only minus C0,mask-loss-only,C0,balanced_accuracy,0.025783475783475802,0.013675213675213661,0.03846153846153847,5000,0.95,3,"[-0.008547008547008517, 0.050000000000000044, 0.03589743589743588]",True
ResNet50,mask-loss-only minus C0,mask-loss-only,C0,sensitivity,-0.002564102564102555,-0.006837606837606851,0.0017094017094017033,5000,0.95,3,"[0.0, -0.002564102564102555, -0.00512820512820511]",False
ResNet50,mask-loss-only minus C0,mask-loss-only,C0,specificity,0.0541310541310542,0.029914529914529937,0.07834757834757837,5000,0.95,3,"[-0.017094017094017033, 0.10256410256410264, 0.07692307692307698]",True
ResNet50,mask-loss-only minus C0,mask-loss-only,C0,precision,0.01977975610377399,0.010470244324230592,0.029452005906008917,5000,0.95,3,"[-0.007086110857455918, 0.03590679678297559, 0.030518582385802295]",True
ResNet50,mask-loss-only minus C0,mask-loss-only,C0,npv,-0.005598813994051821,-0.017112527347123773,0.005542251855795974,5000,0.95,3,"[-0.0003287851389117691, -0.00586080586080584, -0.010606850982437854]",False
ResNet50,mask-loss-only minus C0,mask-loss-only,C0,f1,0.011307006854870552,0.005175220892507741,0.01772176444328329,5000,0.95,3,"[-0.004216474679417548, 0.021942465739786643, 0.016195029504242564]",True
ResNet50,mask-loss-only minus C0,mask-loss-only,C0,brier,-0.006700885451419498,-0.010482206664957635,-0.003012232425200058,5000,0.95,3,"[-0.010692016820823283, 0.00936176777360323, -0.01877240730703844]",True
ResNet50,mask-loss-only minus C0,mask-loss-only,C0,ece,-0.007725134874001532,-0.011255808671315466,-0.003961037723427205,5000,0.95,3,"[-0.008669853210449219, 0.007603284640189889, -0.022108836051745268]",True
ResNet50,CBAM+mask-loss minus C0,CBAM+mask-loss,C0,auroc,0.0031686025275769656,-0.00035808861129374366,0.006885364161005209,5000,0.95,3,"[0.004147490685952326, 0.0017751479289941363, 0.0035831689677844336]",False
ResNet50,CBAM+mask-loss minus C0,CBAM+mask-loss,C0,auprc,0.001384441053284576,-0.002715655426705285,0.005648167637523374,5000,0.95,3,"[0.00094259525296847, -0.0005622418148322206, 0.0037729697217174785]",False
ResNet50,CBAM+mask-loss minus C0,CBAM+mask-loss,C0,accuracy,0.01282051282051285,0.0032051282051282306,0.022435897435897467,5000,0.95,3,"[-0.0016025641025640969, 0.012820512820512886, 0.027243589743589758]",True
ResNet50,CBAM+mask-loss minus C0,CBAM+mask-loss,C0,balanced_accuracy,0.0165242165242165,0.003988603988603974,0.02948717948717942,5000,0.95,3,"[-0.002991452991452981, 0.017094017094017144, 0.035470085470085344]",True
ResNet50,CBAM+mask-loss minus C0,CBAM+mask-loss,C0,sensitivity,0.0017094017094017033,0.0,0.004273504273504258,5000,0.95,3,"[0.002564102564102555, 0.0, 0.002564102564102555]",False
ResNet50,CBAM+mask-loss minus C0,CBAM+mask-loss,C0,specificity,0.031339031339031355,0.005698005698005751,0.056980056980057,5000,0.95,3,"[-0.008547008547008517, 0.03418803418803423, 0.06837606837606836]",True
ResNet50,CBAM+mask-loss minus C0,CBAM+mask-loss,C0,precision,0.012179205107213523,0.0025045870205883487,0.0222810074925612,5000,0.95,3,"[-0.003193718714825544, 0.011734141752353766, 0.02799719228411235]",True
ResNet50,CBAM+mask-loss minus C0,CBAM+mask-loss,C0,npv,0.00486531574574071,0.00010568735855167887,0.011665291760660376,5000,0.95,3,"[0.006206614944875399, 0.0006742520016855824, 0.007715080290661147]",True
ResNet50,CBAM+mask-loss minus C0,CBAM+mask-loss,C0,f1,0.008223797376510725,0.0022247922500907525,0.014551644636641268,5000,0.95,3,"[-0.0008377487406568962, 0.0075994280893127986, 0.017909712780876275]",True
ResNet50,CBAM+mask-loss minus C0,CBAM+mask-loss,C0,brier,-0.012669429381967972,-0.016437014518072453,-0.008899551395039562,5000,0.95,3,"[-0.010658049505134548, -0.004089710778270028, -0.02326052786249934]",True
ResNet50,CBAM+mask-loss minus C0,CBAM+mask-loss,C0,ece,-0.014654825895260534,-0.018398962520126582,-0.010824898369291932,5000,0.95,3,"[-0.010626609508807866, -0.00752323713058084, -0.025814631046392894]",True
ResNet50,CBAM+mask-loss minus CBAM-only,CBAM+mask-loss,CBAM-only,auroc,0.009345094601504863,0.004996301775147978,0.014004218715757199,5000,0.95,3,"[0.018797939951786136, 0.009916721455182964, -0.0006793776024545117]",True
ResNet50,CBAM+mask-loss minus CBAM-only,CBAM+mask-loss,CBAM-only,auprc,0.007830671453016821,0.003222366880871904,0.013132513341265941,5000,0.95,3,"[0.013314234214357512, 0.01312132374251751, -0.0029435435978245605]",True
ResNet50,CBAM+mask-loss minus CBAM-only,CBAM+mask-loss,CBAM-only,accuracy,-0.018162393162393136,-0.02777777777777779,-0.008547008547008517,5000,0.95,3,"[0.02564102564102566, -0.07852564102564097, -0.0016025641025640969]",False
ResNet50,CBAM+mask-loss minus CBAM-only,CBAM+mask-loss,CBAM-only,balanced_accuracy,-0.0256410256410257,-0.03817663817663819,-0.012820512820512884,5000,0.95,3,"[0.03247863247863236, -0.10641025641025637, -0.002991452991453092]",False
ResNet50,CBAM+mask-loss minus CBAM-only,CBAM+mask-loss,CBAM-only,sensitivity,0.004273504273504258,0.0008547008547008517,0.008547008547008517,5000,0.95,3,"[0.00512820512820511, 0.00512820512820511, 0.002564102564102555]",True
ResNet50,CBAM+mask-loss minus CBAM-only,CBAM+mask-loss,CBAM-only,specificity,-0.05555555555555556,-0.08119658119658117,-0.029914529914529957,5000,0.95,3,"[0.05982905982905984, -0.2179487179487179, -0.008547008547008628]",False
ResNet50,CBAM+mask-loss minus CBAM-only,CBAM+mask-loss,CBAM-only,precision,-0.02070188948268244,-0.030725547503386987,-0.010723417659095503,5000,0.95,3,"[0.024850502462442803, -0.08372571975491161, -0.0032304511555785176]",False
ResNet50,CBAM+mask-loss minus CBAM-only,CBAM+mask-loss,CBAM-only,npv,0.009960237652901771,0.0014934930596954834,0.0201233117030663,5000,0.95,3,"[0.014527408075795112, 0.009222731634502601, 0.0061305732484076]",True
ResNet50,CBAM+mask-loss minus CBAM-only,CBAM+mask-loss,CBAM-only,f1,-0.01100913836817615,-0.017165856238058764,-0.004651362774842065,5000,0.95,3,"[0.017070553028713298, -0.049250832408435086, -0.000847135724806658]",False
ResNet50,CBAM+mask-loss minus CBAM-only,CBAM+mask-loss,CBAM-only,brier,-0.0005534440259417952,-0.00450068262462762,0.003106792753794024,5000,0.95,3,"[-0.0024749336119687937, 0.006541139307605914, -0.005726537773462506]",False
ResNet50,CBAM+mask-loss minus CBAM-only,CBAM+mask-loss,CBAM-only,ece,0.00025555618807798774,-0.003521454792756266,0.004090033840929349,5000,0.95,3,"[0.008134896938617409, 0.0021656904465112703, -0.009533918820894716]",False
ResNet50,CBAM+mask-loss minus mask-loss-only,CBAM+mask-loss,mask-loss-only,auroc,0.0035338593030901735,0.0001935404339250687,0.006901755058806294,5000,0.95,3,"[-0.002744904667981496, 0.010146833223756424, 0.0031996493534955928]",True
ResNet50,CBAM+mask-loss minus mask-loss-only,CBAM+mask-loss,mask-loss-only,auprc,0.0023099330236586355,-0.0012691154638696021,0.0057236631146679404,5000,0.95,3,"[-0.004271452306308099, 0.008210188918209349, 0.002991062459074656]",False
ResNet50,CBAM+mask-loss minus mask-loss-only,CBAM+mask-loss,mask-loss-only,accuracy,-0.005876068376068355,-0.016025641025641007,0.003739316239316263,5000,0.95,3,"[0.004807692307692291, -0.024038461538461453, 0.0016025641025640969]",False
ResNet50,CBAM+mask-loss minus mask-loss-only,CBAM+mask-loss,mask-loss-only,balanced_accuracy,-0.0092592592592593,-0.02250712250712254,0.0034188034188034435,5000,0.95,3,"[0.005555555555555536, -0.0329059829059829, -0.00042735042735053685]",False
ResNet50,CBAM+mask-loss minus mask-loss-only,CBAM+mask-loss,mask-loss-only,sensitivity,0.004273504273504258,0.0008547008547008517,0.008547008547008517,5000,0.95,3,"[0.002564102564102555, 0.002564102564102555, 0.007692307692307665]",True
ResNet50,CBAM+mask-loss minus mask-loss-only,CBAM+mask-loss,mask-loss-only,specificity,-0.02279202279202284,-0.048468660968660864,0.002849002849002821,5000,0.95,3,"[0.008547008547008517, -0.06837606837606841, -0.008547008547008628]",False
ResNet50,CBAM+mask-loss minus mask-loss-only,CBAM+mask-loss,mask-loss-only,precision,-0.007600550996560466,-0.017888710010824628,0.002258393177072093,5000,0.95,3,"[0.0038923921426303743, -0.024172655030621826, -0.0025213901016899465]",False
ResNet50,CBAM+mask-loss minus mask-loss-only,CBAM+mask-loss,mask-loss-only,npv,0.01046412973979253,0.0019381048652761246,0.020776258942300556,5000,0.95,3,"[0.006535400083787168, 0.006535057862491422, 0.018321931273099]",True
ResNet50,CBAM+mask-loss minus mask-loss-only,CBAM+mask-loss,mask-loss-only,f1,-0.0030832094783598274,-0.009627748626660857,0.0032320711889381806,5000,0.95,3,"[0.0033787259387606516, -0.014343037650473844, 0.0017146832766337106]",False
ResNet50,CBAM+mask-loss minus mask-loss-only,CBAM+mask-loss,mask-loss-only,brier,-0.005968543930548474,-0.009759052574972536,-0.002187334146738737,5000,0.95,3,"[3.39673156887349e-05, -0.013451478551873258, -0.004488120555460898]",True
ResNet50,CBAM+mask-loss minus mask-loss-only,CBAM+mask-loss,mask-loss-only,ece,-0.006929691021259001,-0.010860329815465164,-0.003007764795906575,5000,0.95,3,"[-0.0019567562983586473, -0.015126521770770729, -0.0037057949946476265]",True
