manifest_id,sample_seed,sample_index,sampling_stratum,image_id,image_path_or_archive_member,image_sha256,mask_id,mask_path,mask_sha256,true_label
xai_sample_manifest_128_seed3407_balanced_64_64,3407,0,normal,E-03B36F677CCFA6787A3BC686.jpeg,/kaggle/input/datasets/hintrngia/gate7-test-seal/opaque_test_images/images/E-03B36F677CCFA6787A3BC686.jpeg,88af6f358085a5c5f91e843ee8da27499c4949ec9573efb6b620365272133c22,E-03B36F677CCFA6787A3BC686.jpeg,/kaggle/input/datasets/hintrngia/cxr-lung-masks/lung_masks/E-03B36F677CCFA6787A3BC686.jpeg,3ef8c6524d47433439113bdfbfb977153bc27b44768d2fc38a75db3096495118,0
xai_sample_manifest_128_seed3407_balanced_64_64,3407,1,normal,E-06530ECE35CCF9FF05F7DDEB.jpeg,/kaggle/input/datasets/hintrngia/gate7-test-seal/opaque_test_images/images/E-06530ECE35CCF9FF05F7DDEB.jpeg,f2fce9977273b2ae4eeacdb287fe3cfaf0d94cbca0f4b90600a4a3d8861a74d7,E-06530ECE35CCF9FF05F7DDEB.jpeg,/kaggle/input/datasets/hintrngia/cxr-lung-masks/lung_masks/E-06530ECE35CCF9FF05F7DDEB.jpeg,610287483d7389e015217226182803c8e6b6aece72985d3b89f8be81c6f283b3,0
xai_sample_manifest_128_seed3407_balanced_64_64,3407,2,normal,E-10FEC5D206E4A3A02E4F32C9.jpeg,/kaggle/input/datasets/hintrngia/gate7-test-seal/opaque_test_images/images/E-10FEC5D206E4A3A02E4F32C9.jpeg,fae2085830a4c703c36348b3ccc2a5ddfd741c86f12dbef48d4a8a31726ae773,E-10FEC5D206E4A3A02E4F32C9.jpeg,/kaggle/input/datasets/hintrngia/cxr-lung-masks/lung_masks/E-10FEC5D206E4A3A02E4F32C9.jpeg,6bc1e02f7a0e0e0ea077145a443efaae2bedbe36c2ed063644fe05169a2ee65d,0
xai_sample_manifest_128_seed3407_balanced_64_64,3407,3,normal,E-16E04AC17A9CE052EFE7227B.jpeg,/kaggle/input/datasets/hintrngia/gate7-test-seal/opaque_test_images/images/E-16E04AC17A9CE052EFE7227B.jpeg,709bd31b819c3536136c7c8ba287cd43d226185ebb55e41bfcf7cf43d613f451,E-16E04AC17A9CE052EFE7227B.jpeg,/kaggle/input/datasets/hintrngia/cxr-lung-masks/lung_masks/E-16E04AC17A9CE052EFE7227B.jpeg,5decfa6246c89a8de13947f0844e10e4addc047451da1647b10c131598895663,0
xai_sample_manifest_128_seed3407_balanced_64_64,3407,4,normal,E-256958BC036CED77CAAB2A55.jpeg,/kaggle/input/datasets/hintrngia/gate7-test-seal/opaque_test_images/images/E-256958BC036CED77CAAB2A55.jpeg,44260268645a29bb52e54627f727d43be0611fdd6b675e836a07c6543fe4720c,E-256958BC036CED77CAAB2A55.jpeg,/kaggle/input/datasets/hintrngia/cxr-lung-masks/lung_masks/E-256958BC036CED77CAAB2A55.jpeg,8ef6b976cbb7c78295b4fc8cbdbbf8cbcef7bfa2c2b98484aa0b2dcb57af56d2,0
xai_sample_manifest_128_seed3407_balanced_64_64,3407,5,normal,E-280031A047E47DC7EA750C62.jpeg,/kaggle/input/datasets/hintrngia/gate7-test-seal/opaque_test_images/images/E-280031A047E47DC7EA750C62.jpeg,aa0d938780b50b9a8aeb01eef7909e217002f864d76f285b305387bb90c4bca7,E-280031A047E47DC7EA750C62.jpeg,/kaggle/input/datasets/hintrngia/cxr-lung-masks/lung_masks/E-280031A047E47DC7EA750C62.jpeg,d159cac57e9251de699c396f54bbc25808c53183a1bb6d766042ff8ff10a55e5,0
xai_sample_manifest_128_seed3407_balanced_64_64,3407,6,normal,E-28020DB22FEE86C7B17E72DA.jpeg,/kaggle/input/datasets/hintrngia/gate7-test-seal/opaque_test_images/images/E-28020DB22FEE86C7B17E72DA.jpeg,b65d75dba66ade2f0eca44640c0cadc18dccb17f25707c6152dd797695475d58,E-28020DB22FEE86C7B17E72DA.jpeg,/kaggle/input/datasets/hintrngia/cxr-lung-masks/lung_masks/E-28020DB22FEE86C7B17E72DA.jpeg,8c71f6bc8c211db3ed48191f31c4caeb863eb39aec7fa9852f75513acd800ec6,0
xai_sample_manifest_128_seed3407_balanced_64_64,3407,7,normal,E-28234EA54B2F1B13D8D5995E.jpeg,/kaggle/input/datasets/hintrngia/gate7-test-seal/opaque_test_images/images/E-28234EA54B2F1B13D8D5995E.jpeg,1266232157dbef06850fc27a1d70b24bf7a690d382e6036ce93b068dd2733fc6,E-28234EA54B2F1B13D8D5995E.jpeg,/kaggle/input/datasets/hintrngia/cxr-lung-masks/lung_masks/E-28234EA54B2F1B13D8D5995E.jpeg,2a129d4f3b3038931b8383597dc9d71207e6e74c200b52aa8c8ee7ce9369252f,0
xai_sample_manifest_128_seed3407_balanced_64_64,3407,8,normal,E-28CAAFCB1AFEEA2D46764B17.jpeg,/kaggle/input/datasets/hintrngia/gate7-test-seal/opaque_test_images/images/E-28CAAFCB1AFEEA2D46764B17.jpeg,100ad9b7d16cc0dde503eccf84392087e68912291ed251c21ecc0378b7f5774f,E-28CAAFCB1AFEEA2D46764B17.jpeg,/kaggle/input/datasets/hintrngia/cxr-lung-masks/lung_masks/E-28CAAFCB1AFEEA2D46764B17.jpeg,8bd22562b246abed8b207c0331226d583a55eb58626cd5c04195203da13456e6,0
xai_sample_manifest_128_seed3407_balanced_64_64,3407,9,normal,E-29AE82E82E5A6A48DC6D8B99.jpeg,/kaggle/input/datasets/hintrngia/gate7-test-seal/opaque_test_images/images/E-29AE82E82E5A6A48DC6D8B99.jpeg,6996504cf378e5eb39b3d84585cc895a4261434813747a3258e55d9399cb8862,E-29AE82E82E5A6A48DC6D8B99.jpeg,/kaggle/input/datasets/hintrngia/cxr-lung-masks/lung_masks/E-29AE82E82E5A6A48DC6D8B99.jpeg,42887ed34aa20e775021321a3735fd8f04960a1904e81d52af1411dfaec0f68c,0
xai_sample_manifest_128_seed3407_balanced_64_64,3407,10,normal,E-2B646E91E652E02CC65E6BA0.jpeg,/kaggle/input/datasets/hintrngia/gate7-test-seal/opaque_test_images/images/E-2B646E91E652E02CC65E6BA0.jpeg,2399707ead03e0f2824d43ba34b2a292e8c0fc3d204e3e2f6c783f846fe86fd8,E-2B646E91E652E02CC65E6BA0.jpeg,/kaggle/input/datasets/hintrngia/cxr-lung-masks/lung_masks/E-2B646E91E652E02CC65E6BA0.jpeg,845e3c47eed0e5594857c43a009e025004bafcd16822f83dabd0319e0d2077ee,0
xai_sample_manifest_128_seed3407_balanced_64_64,3407,11,normal,E-2F227E134B6699426A9E9AB9.jpeg,/kaggle/input/datasets/hintrngia/gate7-test-seal/opaque_test_images/images/E-2F227E134B6699426A9E9AB9.jpeg,2d46360976db341fc5f624aa56081ebf90f975620424035881c2a452e11bc764,E-2F227E134B6699426A9E9AB9.jpeg,/kaggle/input/datasets/hintrngia/cxr-lung-masks/lung_masks/E-2F227E134B6699426A9E9AB9.jpeg,100d5e87820fa9cb3bb8e7828d61df4388e6f91a7154cbe7cc3f769d45e8636f,0
xai_sample_manifest_128_seed3407_balanced_64_64,3407,12,normal,E-2F5E9CF0C3839769BD6D37AD.jpeg,/kaggle/input/datasets/hintrngia/gate7-test-seal/opaque_test_images/images/E-2F5E9CF0C3839769BD6D37AD.jpeg,23a6157210bf7a7f0df93de9e79e559b6767c1c72db0756d9af0e49046545903,E-2F5E9CF0C3839769BD6D37AD.jpeg,/kaggle/input/datasets/hintrngia/cxr-lung-masks/lung_masks/E-2F5E9CF0C3839769BD6D37AD.jpeg,dda1dcdf9c95e70addf4762f0cebb8e9053beb5b3c734fc1f27715324c65fede,0
xai_sample_manifest_128_seed3407_balanced_64_64,3407,13,normal,E-306538194ADB5E9E447B7A10.jpeg,/kaggle/input/datasets/hintrngia/gate7-test-seal/opaque_test_images/images/E-306538194ADB5E9E447B7A10.jpeg,1d14b06e9837eae4c935cec40198f32e00bca73a9db4b9e60389be1451250786,E-306538194ADB5E9E447B7A10.jpeg,/kaggle/input/datasets/hintrngia/cxr-lung-masks/lung_masks/E-306538194ADB5E9E447B7A10.jpeg,d676f8642f83cc2a5bec4573eb90be9279bdc91cf1a19fa4ad5ea87edd0fee0f,0
xai_sample_manifest_128_seed3407_balanced_64_64,3407,14,normal,E-36FB7A78C2BFA1A3824C3EFA.jpeg,/kaggle/input/datasets/hintrngia/gate7-test-seal/opaque_test_images/images/E-36FB7A78C2BFA1A3824C3EFA.jpeg,c1efcd170c5209ba26f40d6986a9553c09df6460aec48574f2361c6b9957c709,E-36FB7A78C2BFA1A3824C3EFA.jpeg,/kaggle/input/datasets/hintrngia/cxr-lung-masks/lung_masks/E-36FB7A78C2BFA1A3824C3EFA.jpeg,2c5f7e62be53d6336d3ac8acfc4415429ee94c4d6684c4065342c00762b73a48,0
xai_sample_manifest_128_seed3407_balanced_64_64,3407,15,normal,E-3B865A0E9283DC8B3D382B5F.jpeg,/kaggle/input/datasets/hintrngia/gate7-test-seal/opaque_test_images/images/E-3B865A0E9283DC8B3D382B5F.jpeg,098546dad09a43daea8b83c0ab00f5fc5c67812f83f23bee9d70224601d58c9d,E-3B865A0E9283DC8B3D382B5F.jpeg,/kaggle/input/datasets/hintrngia/cxr-lung-masks/lung_masks/E-3B865A0E9283DC8B3D382B5F.jpeg,df12b351c9138317d4257d53af02f0eaeaa53ddcd731031dd9ae6cc5cdce48cc,0
xai_sample_manifest_128_seed3407_balanced_64_64,3407,16,normal,E-3D66EC3C4F2D4073FE577EEA.jpeg,/kaggle/input/datasets/hintrngia/gate7-test-seal/opaque_test_images/images/E-3D66EC3C4F2D4073FE577EEA.jpeg,042b1112a30ab548765daa5ef839e2f114a009e01034003ab1118c483990fee3,E-3D66EC3C4F2D4073FE577EEA.jpeg,/kaggle/input/datasets/hintrngia/cxr-lung-masks/lung_masks/E-3D66EC3C4F2D4073FE577EEA.jpeg,98209bf3dad6f481b63af1584872e65f14ab7a8f9e91486ce24c34bff19eb94d,0
xai_sample_manifest_128_seed3407_balanced_64_64,3407,17,normal,E-40D9418B91304B06987F2A6E.jpeg,/kaggle/input/datasets/hintrngia/gate7-test-seal/opaque_test_images/images/E-40D9418B91304B06987F2A6E.jpeg,d9b499be5be33bfbe68f6b6e20ebfb8447712e79ef0ac824abc6eecebc4db374,E-40D9418B91304B06987F2A6E.jpeg,/kaggle/input/datasets/hintrngia/cxr-lung-masks/lung_masks/E-40D9418B91304B06987F2A6E.jpeg,2574602c01101e8f3e9997997d17e20a5c346fab003146937de88597ce3261b3,0
xai_sample_manifest_128_seed3407_balanced_64_64,3407,18,normal,E-44BF14DBF8A5FE52BF53ED2E.jpeg,/kaggle/input/datasets/hintrngia/gate7-test-seal/opaque_test_images/images/E-44BF14DBF8A5FE52BF53ED2E.jpeg,ed111227fc363b2717d298723594874430947004b86d31f419ae7530d3c774e3,E-44BF14DBF8A5FE52BF53ED2E.jpeg,/kaggle/input/datasets/hintrngia/cxr-lung-masks/lung_masks/E-44BF14DBF8A5FE52BF53ED2E.jpeg,cc96d96ba6d221723599f5b86e1722dfbbecf62d11fb27062befa9dbf20ea59b,0
xai_sample_manifest_128_seed3407_balanced_64_64,3407,19,normal,E-47080ACF9F207EB21662EAAE.jpeg,/kaggle/input/datasets/hintrngia/gate7-test-seal/opaque_test_images/images/E-47080ACF9F207EB21662EAAE.jpeg,265f3aeba7b3288d1af7d734c6bc1d106579cd8938d803bf540296f600f6503c,E-47080ACF9F207EB21662EAAE.jpeg,/kaggle/input/datasets/hintrngia/cxr-lung-masks/lung_masks/E-47080ACF9F207EB21662EAAE.jpeg,dd75de3a5fad2688b7a88c4e6f86f463b3c412d2f7bb69d9fc8b0bd475a0e080,0
xai_sample_manifest_128_seed3407_balanced_64_64,3407,20,normal,E-4F18C9F59223CD9D0CA81789.jpeg,/kaggle/input/datasets/hintrngia/gate7-test-seal/opaque_test_images/images/E-4F18C9F59223CD9D0CA81789.jpeg,c88d24ecb5fea438d7ef244f79ce0d0d960e9320090b6df1db87b2c071a0af27,E-4F18C9F59223CD9D0CA81789.jpeg,/kaggle/input/datasets/hintrngia/cxr-lung-masks/lung_masks/E-4F18C9F59223CD9D0CA81789.jpeg,2a96bda175ffc671dca780c8f620ec19cf446dbc1896cd185080bd44500b9a2a,0
xai_sample_manifest_128_seed3407_balanced_64_64,3407,21,normal,E-57BEC1C15CFD6C2BBAF49905.jpeg,/kaggle/input/datasets/hintrngia/gate7-test-seal/opaque_test_images/images/E-57BEC1C15CFD6C2BBAF49905.jpeg,c9cd3a8672836a8518110a2ec734375ae571c4dca5e24ab6966462996dc8e58d,E-57BEC1C15CFD6C2BBAF49905.jpeg,/kaggle/input/datasets/hintrngia/cxr-lung-masks/lung_masks/E-57BEC1C15CFD6C2BBAF49905.jpeg,932035a8b5279b70fcf64b8130dc7e8bd7bada74626867831ba59cfc4b3d7447,0
xai_sample_manifest_128_seed3407_balanced_64_64,3407,22,normal,E-5822F4C00AF6A5D69871506D.jpeg,/kaggle/input/datasets/hintrngia/gate7-test-seal/opaque_test_images/images/E-5822F4C00AF6A5D69871506D.jpeg,ad7a294b2012e428b7d9cd9f4460a33178d9a144ffec7868bc7f5891447c7cb1,E-5822F4C00AF6A5D69871506D.jpeg,/kaggle/input/datasets/hintrngia/cxr-lung-masks/lung_masks/E-5822F4C00AF6A5D69871506D.jpeg,cdfc771389d28ab3ea57efe348e337fd0cca6e5fc9d78623e7d752310280a823,0
xai_sample_manifest_128_seed3407_balanced_64_64,3407,23,normal,E-592EC4B388705AD74965EF2F.jpeg,/kaggle/input/datasets/hintrngia/gate7-test-seal/opaque_test_images/images/E-592EC4B388705AD74965EF2F.jpeg,7e115173a640b8cd3c6e62975799ed3e61ea71452cb487d254a966310c42c9d6,E-592EC4B388705AD74965EF2F.jpeg,/kaggle/input/datasets/hintrngia/cxr-lung-masks/lung_masks/E-592EC4B388705AD74965EF2F.jpeg,c9b933dd89f0ed38e50b7105e306de51d1348e5b69da0430353d053e18bec4cb,0
xai_sample_manifest_128_seed3407_balanced_64_64,3407,24,normal,E-5EB53A5E9ABA53D43AB743A8.jpeg,/kaggle/input/datasets/hintrngia/gate7-test-seal/opaque_test_images/images/E-5EB53A5E9ABA53D43AB743A8.jpeg,ce041458395b1b9558a3e8d591bb01a867ebe1ba72bf5da8400be6c5cf84f729,E-5EB53A5E9ABA53D43AB743A8.jpeg,/kaggle/input/datasets/hintrngia/cxr-lung-masks/lung_masks/E-5EB53A5E9ABA53D43AB743A8.jpeg,57ceae4366c69de112e7e12091ae3eb78d1384bd4266a94c1b45171e24137ada,0
xai_sample_manifest_128_seed3407_balanced_64_64,3407,25,normal,E-5FBF0EE47B9EC5825E465989.jpeg,/kaggle/input/datasets/hintrngia/gate7-test-seal/opaque_test_images/images/E-5FBF0EE47B9EC5825E465989.jpeg,a1362c8305bfbc3de8e95e522364be504e5921626c73304fb9956ec901b1f7c8,E-5FBF0EE47B9EC5825E465989.jpeg,/kaggle/input/datasets/hintrngia/cxr-lung-masks/lung_masks/E-5FBF0EE47B9EC5825E465989.jpeg,c21997fb2e154fc1824e0f33e54e91395e3a8c5f9cb20c71c1943a8b04ed3b7c,0
xai_sample_manifest_128_seed3407_balanced_64_64,3407,26,normal,E-67976418F9EE68ADAB32C212.jpeg,/kaggle/input/datasets/hintrngia/gate7-test-seal/opaque_test_images/images/E-67976418F9EE68ADAB32C212.jpeg,00a87cc00b02c4a95ddb8afd5deaa0304f6f46c6d4e828045b1b184b6f717415,E-67976418F9EE68ADAB32C212.jpeg,/kaggle/input/datasets/hintrngia/cxr-lung-masks/lung_masks/E-67976418F9EE68ADAB32C212.jpeg,df1cf6668573a1a3daed4c6bfd669fac2034ea04ba198860c0a2776c8fea5d77,0
xai_sample_manifest_128_seed3407_balanced_64_64,3407,27,normal,E-74019A53B16F834307F73E46.jpeg,/kaggle/input/datasets/hintrngia/gate7-test-seal/opaque_test_images/images/E-74019A53B16F834307F73E46.jpeg,81018bcf16f72ca7ad770f76c1a3e591df43d14ea870fe0f0720bbf101eabcdd,E-74019A53B16F834307F73E46.jpeg,/kaggle/input/datasets/hintrngia/cxr-lung-masks/lung_masks/E-74019A53B16F834307F73E46.jpeg,579cf5fb4516d125327fe6ac90e330125bdf5719b884a8d02409aa215f721e7a,0
xai_sample_manifest_128_seed3407_balanced_64_64,3407,28,normal,E-778E5DF620CB9DE6A84B008B.jpeg,/kaggle/input/datasets/hintrngia/gate7-test-seal/opaque_test_images/images/E-778E5DF620CB9DE6A84B008B.jpeg,7143be39d62dadbfe45dfd18280b1f4c77ae66102b4bd60bdb175fc04e80f50a,E-778E5DF620CB9DE6A84B008B.jpeg,/kaggle/input/datasets/hintrngia/cxr-lung-masks/lung_masks/E-778E5DF620CB9DE6A84B008B.jpeg,3c05d426d14b0a257b7366c805a5cdebb4622fc19da329f93103947167ae3c03,0
xai_sample_manifest_128_seed3407_balanced_64_64,3407,29,normal,E-77C42172A076E16EE5474210.jpeg,/kaggle/input/datasets/hintrngia/gate7-test-seal/opaque_test_images/images/E-77C42172A076E16EE5474210.jpeg,5f8a5e6226da944b777a1bf7a5f950322f04d1e7184bd810bc4efea22fc0ab6f,E-77C42172A076E16EE5474210.jpeg,/kaggle/input/datasets/hintrngia/cxr-lung-masks/lung_masks/E-77C42172A076E16EE5474210.jpeg,a08ed4d15f6cb0f18a76c3f20b0d07277dcbd19ad1c41c53a8d1238fc6eeb79c,0
xai_sample_manifest_128_seed3407_balanced_64_64,3407,30,normal,E-7B1FB0C84C51C5CD8EDBCCFD.jpeg,/kaggle/input/datasets/hintrngia/gate7-test-seal/opaque_test_images/images/E-7B1FB0C84C51C5CD8EDBCCFD.jpeg,6d38bbd83d8d79a9f8c72799e98a6cb7c11b43fd56553f1f74b3d82b284d2669,E-7B1FB0C84C51C5CD8EDBCCFD.jpeg,/kaggle/input/datasets/hintrngia/cxr-lung-masks/lung_masks/E-7B1FB0C84C51C5CD8EDBCCFD.jpeg,6b99d22d4c8fe5b1196bad35ea5cc5bcb31a26da6992c4f5f22488d2376f83dc,0
xai_sample_manifest_128_seed3407_balanced_64_64,3407,31,normal,E-7B7A8A9BEAA512F9DC3E0865.jpeg,/kaggle/input/datasets/hintrngia/gate7-test-seal/opaque_test_images/images/E-7B7A8A9BEAA512F9DC3E0865.jpeg,1e054ed36680f5f2847833e9a877c6cfd364ee79b1eeb4a31d84729a1d5443eb,E-7B7A8A9BEAA512F9DC3E0865.jpeg,/kaggle/input/datasets/hintrngia/cxr-lung-masks/lung_masks/E-7B7A8A9BEAA512F9DC3E0865.jpeg,bc5d2dbf90974d0651760a94fabed8c975f56c95e95816ace59d50399de46318,0
xai_sample_manifest_128_seed3407_balanced_64_64,3407,32,normal,E-82FCB2C3D1996A8155B45525.jpeg,/kaggle/input/datasets/hintrngia/gate7-test-seal/opaque_test_images/images/E-82FCB2C3D1996A8155B45525.jpeg,c9377d511e1e9caed0105ec7d89f7a0fc987c36c91fbe62a96740d4381a6fd0a,E-82FCB2C3D1996A8155B45525.jpeg,/kaggle/input/datasets/hintrngia/cxr-lung-masks/lung_masks/E-82FCB2C3D1996A8155B45525.jpeg,31ecd3136f7f3adb287d13a14c500d2f7994c3b5fa0a241b1ed66684f8f7d485,0
xai_sample_manifest_128_seed3407_balanced_64_64,3407,33,normal,E-843CBB869621D4078F498542.jpeg,/kaggle/input/datasets/hintrngia/gate7-test-seal/opaque_test_images/images/E-843CBB869621D4078F498542.jpeg,f4011ac2ad4623b36aaf9a795e47232c62fbaa6071171903024b2df94ef9b37e,E-843CBB869621D4078F498542.jpeg,/kaggle/input/datasets/hintrngia/cxr-lung-masks/lung_masks/E-843CBB869621D4078F498542.jpeg,a0e47c766689ba43e14020d1c626ffc180af7a76e02290c43bc456699bf80300,0
xai_sample_manifest_128_seed3407_balanced_64_64,3407,34,normal,E-845A5BC2008587BFFF60937F.jpeg,/kaggle/input/datasets/hintrngia/gate7-test-seal/opaque_test_images/images/E-845A5BC2008587BFFF60937F.jpeg,6e88184bd28ba8cc47a2ae8f6de3a39fb464e8cc84564813a67c7209940f2ea8,E-845A5BC2008587BFFF60937F.jpeg,/kaggle/input/datasets/hintrngia/cxr-lung-masks/lung_masks/E-845A5BC2008587BFFF60937F.jpeg,e90808ce2d46abace2246acc942ed4231c94845201f7de3bcdd0de5a16a4b7fe,0
xai_sample_manifest_128_seed3407_balanced_64_64,3407,35,normal,E-8BB569A271B438E1FF7419AA.jpeg,/kaggle/input/datasets/hintrngia/gate7-test-seal/opaque_test_images/images/E-8BB569A271B438E1FF7419AA.jpeg,2453213f313221f434a32efa550efa6be95c5c26b954d9616c32036a453a9ba6,E-8BB569A271B438E1FF7419AA.jpeg,/kaggle/input/datasets/hintrngia/cxr-lung-masks/lung_masks/E-8BB569A271B438E1FF7419AA.jpeg,39a721159cb558a1828bb4edffa644ca9de80578ea72aad9e523b2106b7a519c,0
xai_sample_manifest_128_seed3407_balanced_64_64,3407,36,normal,E-8E65534102472D38A215B619.jpeg,/kaggle/input/datasets/hintrngia/gate7-test-seal/opaque_test_images/images/E-8E65534102472D38A215B619.jpeg,5b54ec4420fd3047aa6641c9f4905aafbfe99924adb7afdf3fb017568e37a38b,E-8E65534102472D38A215B619.jpeg,/kaggle/input/datasets/hintrngia/cxr-lung-masks/lung_masks/E-8E65534102472D38A215B619.jpeg,160758f3e431b2b02295ddfcb292460d8b7d385ecddcc79198631c0e5a4ad1a3,0
xai_sample_manifest_128_seed3407_balanced_64_64,3407,37,normal,E-91CCC5E035FBDB0CCBB30E2A.jpeg,/kaggle/input/datasets/hintrngia/gate7-test-seal/opaque_test_images/images/E-91CCC5E035FBDB0CCBB30E2A.jpeg,48c3795cc55eda6d08c4ae43a1bbf11b6990cc65584b5fd78cf7f8aaec6a9526,E-91CCC5E035FBDB0CCBB30E2A.jpeg,/kaggle/input/datasets/hintrngia/cxr-lung-masks/lung_masks/E-91CCC5E035FBDB0CCBB30E2A.jpeg,9be865922748ef47f8761aeb7b1379502659c600d3a0f4aadf6e540e38942a4d,0
xai_sample_manifest_128_seed3407_balanced_64_64,3407,38,normal,E-91CD2D4F539A3D56107014E7.jpeg,/kaggle/input/datasets/hintrngia/gate7-test-seal/opaque_test_images/images/E-91CD2D4F539A3D56107014E7.jpeg,9eba025033ae7d1a073afb5911e5d0e7c4927f417f4105d9b16e0937f7df9d44,E-91CD2D4F539A3D56107014E7.jpeg,/kaggle/input/datasets/hintrngia/cxr-lung-masks/lung_masks/E-91CD2D4F539A3D56107014E7.jpeg,58501bd0ec5360e0ec255868401fdfbf50c14851f98406efcb55fa1111a0f70c,0
xai_sample_manifest_128_seed3407_balanced_64_64,3407,39,normal,E-93DEE19500CF7BC746908FEA.jpeg,/kaggle/input/datasets/hintrngia/gate7-test-seal/opaque_test_images/images/E-93DEE19500CF7BC746908FEA.jpeg,776b392f9584b6a545e53a6db39f62ad20b2ab1d11a140a9c29d147b1db25482,E-93DEE19500CF7BC746908FEA.jpeg,/kaggle/input/datasets/hintrngia/cxr-lung-masks/lung_masks/E-93DEE19500CF7BC746908FEA.jpeg,38f89b2f6cdd96a6dcc3598d84e67080ac6f84346250e9f4a1905b48b0973cc8,0
xai_sample_manifest_128_seed3407_balanced_64_64,3407,40,normal,E-9A48264C99FDAC90E29908DD.jpeg,/kaggle/input/datasets/hintrngia/gate7-test-seal/opaque_test_images/images/E-9A48264C99FDAC90E29908DD.jpeg,af834e66e009730c46830f2509dd3d6f3d8ceb6802c71a262e1508d4681b57ad,E-9A48264C99FDAC90E29908DD.jpeg,/kaggle/input/datasets/hintrngia/cxr-lung-masks/lung_masks/E-9A48264C99FDAC90E29908DD.jpeg,0c36b5215287bd8bd11b09e9751dbe4dddc2f7ba0c5bf70c9c1e398c6d4599aa,0
xai_sample_manifest_128_seed3407_balanced_64_64,3407,41,normal,E-A5B76F5465A7745EBBAE1D8D.jpeg,/kaggle/input/datasets/hintrngia/gate7-test-seal/opaque_test_images/images/E-A5B76F5465A7745EBBAE1D8D.jpeg,47be01762ee6be35d4e44e715b29cdab47a8f968ba8819e8441bed67717d0c81,E-A5B76F5465A7745EBBAE1D8D.jpeg,/kaggle/input/datasets/hintrngia/cxr-lung-masks/lung_masks/E-A5B76F5465A7745EBBAE1D8D.jpeg,101200346be42c4c9f4a98d880576b2d5d199f6d64729b36514aae98c1f14359,0
xai_sample_manifest_128_seed3407_balanced_64_64,3407,42,normal,E-A92185A886C303721C499620.jpeg,/kaggle/input/datasets/hintrngia/gate7-test-seal/opaque_test_images/images/E-A92185A886C303721C499620.jpeg,488de4306f7e868b170dfbed597832e9c7b07c633a4b6a659732f2b3f27b7630,E-A92185A886C303721C499620.jpeg,/kaggle/input/datasets/hintrngia/cxr-lung-masks/lung_masks/E-A92185A886C303721C499620.jpeg,1df085d45a10eb96c29d5fa1361483118084807f6c3b2591e8cb34c4d53bcdd1,0
xai_sample_manifest_128_seed3407_balanced_64_64,3407,43,normal,E-B1906A980682154F21AC8637.jpeg,/kaggle/input/datasets/hintrngia/gate7-test-seal/opaque_test_images/images/E-B1906A980682154F21AC8637.jpeg,841208b83be1b8aabc058eeecd42641641df5ae7276435b64ee558902211dc40,E-B1906A980682154F21AC8637.jpeg,/kaggle/input/datasets/hintrngia/cxr-lung-masks/lung_masks/E-B1906A980682154F21AC8637.jpeg,75860985f26a495914d00cc4425a449abc44b919f0efc8addc55783f9a096cba,0
xai_sample_manifest_128_seed3407_balanced_64_64,3407,44,normal,E-B701F1D8C0C0617522833A87.jpeg,/kaggle/input/datasets/hintrngia/gate7-test-seal/opaque_test_images/images/E-B701F1D8C0C0617522833A87.jpeg,1aa2861aa60a0a03d23a55b81c50a186f2e05fc51bd47c22d03598211c293102,E-B701F1D8C0C0617522833A87.jpeg,/kaggle/input/datasets/hintrngia/cxr-lung-masks/lung_masks/E-B701F1D8C0C0617522833A87.jpeg,448197a6c25ead1c2e07945cd35c87b675cf228b358549bcaf4bd8efe5e10ca1,0
xai_sample_manifest_128_seed3407_balanced_64_64,3407,45,normal,E-B80945974BB38152A2ADE2AF.jpeg,/kaggle/input/datasets/hintrngia/gate7-test-seal/opaque_test_images/images/E-B80945974BB38152A2ADE2AF.jpeg,c9e403e696d843a46c39f8a2ca22b0f66cada7c01c5d726414418fb591fe65bf,E-B80945974BB38152A2ADE2AF.jpeg,/kaggle/input/datasets/hintrngia/cxr-lung-masks/lung_masks/E-B80945974BB38152A2ADE2AF.jpeg,3271fdfc5e27f47ae3dbbc8ca3ebb4c2725afda5a40a5361dd76128e8092d7c0,0
xai_sample_manifest_128_seed3407_balanced_64_64,3407,46,normal,E-BB74E7A26CC5772AE8204932.jpeg,/kaggle/input/datasets/hintrngia/gate7-test-seal/opaque_test_images/images/E-BB74E7A26CC5772AE8204932.jpeg,d33d41ad42d62152689b5e5939ee03a94fd827c707e47fb451364c1a32adce72,E-BB74E7A26CC5772AE8204932.jpeg,/kaggle/input/datasets/hintrngia/cxr-lung-masks/lung_masks/E-BB74E7A26CC5772AE8204932.jpeg,acd33432372c80c552fc6f647d8160c8871ea607e5a990267340730ea6170c05,0
xai_sample_manifest_128_seed3407_balanced_64_64,3407,47,normal,E-BB96C349B18A4710DE07EC01.jpeg,/kaggle/input/datasets/hintrngia/gate7-test-seal/opaque_test_images/images/E-BB96C349B18A4710DE07EC01.jpeg,b8a6a29d829c35dd402bdab44ac8029c83e75c5d12fa1f78b0be5c58a6c556d9,E-BB96C349B18A4710DE07EC01.jpeg,/kaggle/input/datasets/hintrngia/cxr-lung-masks/lung_masks/E-BB96C349B18A4710DE07EC01.jpeg,75d999d8c7483eb19aec7f9823bb9b621d9140973c368e16ab4e442bb90b959b,0
xai_sample_manifest_128_seed3407_balanced_64_64,3407,48,normal,E-BCDF7BD5461E233F18CDF83C.jpeg,/kaggle/input/datasets/hintrngia/gate7-test-seal/opaque_test_images/images/E-BCDF7BD5461E233F18CDF83C.jpeg,88f092395b4c91977b4b8a781472f6fd2ccf47e8277b8e70e28e918f04c2ed09,E-BCDF7BD5461E233F18CDF83C.jpeg,/kaggle/input/datasets/hintrngia/cxr-lung-masks/lung_masks/E-BCDF7BD5461E233F18CDF83C.jpeg,897ad9c2bbbb8e45aaf2864eaa8ed0ad9cab3d55709fdd1f3ff34ce2aa816113,0
xai_sample_manifest_128_seed3407_balanced_64_64,3407,49,normal,E-BF6060CF2B5D86362B50F1EF.jpeg,/kaggle/input/datasets/hintrngia/gate7-test-seal/opaque_test_images/images/E-BF6060CF2B5D86362B50F1EF.jpeg,29039385c733d551e17bc1fe341b744019f448e2b7e5cecb33e678913fa6d349,E-BF6060CF2B5D86362B50F1EF.jpeg,/kaggle/input/datasets/hintrngia/cxr-lung-masks/lung_masks/E-BF6060CF2B5D86362B50F1EF.jpeg,893b458aca1ea1a530b765e983f3dbbf71580fabe9dfaafd94b24f28d4bf632b,0
xai_sample_manifest_128_seed3407_balanced_64_64,3407,50,normal,E-C7B56CF9C42EB131FD94EA3C.jpeg,/kaggle/input/datasets/hintrngia/gate7-test-seal/opaque_test_images/images/E-C7B56CF9C42EB131FD94EA3C.jpeg,fdec0295bdc4c39dfff00eb9af0b1159a0291a43473e1723d1288f23072a9c42,E-C7B56CF9C42EB131FD94EA3C.jpeg,/kaggle/input/datasets/hintrngia/cxr-lung-masks/lung_masks/E-C7B56CF9C42EB131FD94EA3C.jpeg,e2650a66f64c9097b15db107425c6e86e15a24c3b4a5d644b738e413e474523e,0
xai_sample_manifest_128_seed3407_balanced_64_64,3407,51,normal,E-D31B79C24E008C43E1511E9D.jpeg,/kaggle/input/datasets/hintrngia/gate7-test-seal/opaque_test_images/images/E-D31B79C24E008C43E1511E9D.jpeg,3c6c8f7629af28ab6d54ff85e4e47f03b4e8a99bac258e9ca30a185f7bb34594,E-D31B79C24E008C43E1511E9D.jpeg,/kaggle/input/datasets/hintrngia/cxr-lung-masks/lung_masks/E-D31B79C24E008C43E1511E9D.jpeg,34fba99e5c079b7b34291c2223435e5900a4d6b25c6694cf28dfe0509b0a54a0,0
xai_sample_manifest_128_seed3407_balanced_64_64,3407,52,normal,E-E13640D767DD410F37B990A9.jpeg,/kaggle/input/datasets/hintrngia/gate7-test-seal/opaque_test_images/images/E-E13640D767DD410F37B990A9.jpeg,267c6d376a99a1f13fbbd4b5e86aee33ab63cae21a19d5a12aebca1287303b69,E-E13640D767DD410F37B990A9.jpeg,/kaggle/input/datasets/hintrngia/cxr-lung-masks/lung_masks/E-E13640D767DD410F37B990A9.jpeg,5294df775b2706536678fc30831f08ba47ca7915ed76f81ac2e0ec9ab11f570c,0
xai_sample_manifest_128_seed3407_balanced_64_64,3407,53,normal,E-E2352C479C37BA410D3419C8.jpeg,/kaggle/input/datasets/hintrngia/gate7-test-seal/opaque_test_images/images/E-E2352C479C37BA410D3419C8.jpeg,3bd85f747e467c65bd1e85d2b31df31f328da767857763003a7825214280dfda,E-E2352C479C37BA410D3419C8.jpeg,/kaggle/input/datasets/hintrngia/cxr-lung-masks/lung_masks/E-E2352C479C37BA410D3419C8.jpeg,db96f601d55491a2b8d7d1c11917c26b56963090d868ac4a883620784a9b4e97,0
xai_sample_manifest_128_seed3407_balanced_64_64,3407,54,normal,E-E249A212D4F7D1C6D4206FBF.jpeg,/kaggle/input/datasets/hintrngia/gate7-test-seal/opaque_test_images/images/E-E249A212D4F7D1C6D4206FBF.jpeg,2aeb3a99c890ab73bfba95c429e3b394d21f1e2b0407b6b39ab4873bbf6445ea,E-E249A212D4F7D1C6D4206FBF.jpeg,/kaggle/input/datasets/hintrngia/cxr-lung-masks/lung_masks/E-E249A212D4F7D1C6D4206FBF.jpeg,1c154dd715c179bb848b52d9ac894835fdaf1e0b1bdce1dc0c2d350e4cc446f5,0
xai_sample_manifest_128_seed3407_balanced_64_64,3407,55,normal,E-E2DD25AE8644A21D4C1655DA.jpeg,/kaggle/input/datasets/hintrngia/gate7-test-seal/opaque_test_images/images/E-E2DD25AE8644A21D4C1655DA.jpeg,62ebaf27617c5c06c1ad8cfc60c91e85d61d55e349cc97b943e4b2bb65b211f4,E-E2DD25AE8644A21D4C1655DA.jpeg,/kaggle/input/datasets/hintrngia/cxr-lung-masks/lung_masks/E-E2DD25AE8644A21D4C1655DA.jpeg,44cb029f5704b8c946e41f3b7296de75fe5b69d5ff5214d54124ffec2b5f0cb5,0
xai_sample_manifest_128_seed3407_balanced_64_64,3407,56,normal,E-E35138A3EAFB63D43C970EAE.jpeg,/kaggle/input/datasets/hintrngia/gate7-test-seal/opaque_test_images/images/E-E35138A3EAFB63D43C970EAE.jpeg,220c68fda9b7f3e5b2194744215f0805a4bbb148c1c8a471635ec90857ecb1dc,E-E35138A3EAFB63D43C970EAE.jpeg,/kaggle/input/datasets/hintrngia/cxr-lung-masks/lung_masks/E-E35138A3EAFB63D43C970EAE.jpeg,826570841f584e049bfd7b391aa572f206d2aacc62959a0995a93414413db3d4,0
xai_sample_manifest_128_seed3407_balanced_64_64,3407,57,normal,E-EACE2F51FB2EF2E191B9BC55.jpeg,/kaggle/input/datasets/hintrngia/gate7-test-seal/opaque_test_images/images/E-EACE2F51FB2EF2E191B9BC55.jpeg,3ddfa97eada5de67995b4688843f1040eb6e463047ca3ca99ea88c8feb6009f6,E-EACE2F51FB2EF2E191B9BC55.jpeg,/kaggle/input/datasets/hintrngia/cxr-lung-masks/lung_masks/E-EACE2F51FB2EF2E191B9BC55.jpeg,bde99479d64458d1b114d5f370c60d7c2cfe896c1cafb9307393a9f4ce7c9511,0
xai_sample_manifest_128_seed3407_balanced_64_64,3407,58,normal,E-ED70ACD6E494856AB99B813B.jpeg,/kaggle/input/datasets/hintrngia/gate7-test-seal/opaque_test_images/images/E-ED70ACD6E494856AB99B813B.jpeg,4a76bf98637ae1b06f849b5dfc3b2d23d66310ed5a5739c583ede3a814e0bd8a,E-ED70ACD6E494856AB99B813B.jpeg,/kaggle/input/datasets/hintrngia/cxr-lung-masks/lung_masks/E-ED70ACD6E494856AB99B813B.jpeg,c56b0d1ef51355822377a4e9e5490978b5ab8aaa8ab7fd5903183ff6b8985938,0
xai_sample_manifest_128_seed3407_balanced_64_64,3407,59,normal,E-EE1CB872F9ABCF62B8C9A410.jpeg,/kaggle/input/datasets/hintrngia/gate7-test-seal/opaque_test_images/images/E-EE1CB872F9ABCF62B8C9A410.jpeg,ddf72360a66af14c6340c12c0923d500c544274a83f45a5788650cea58e01420,E-EE1CB872F9ABCF62B8C9A410.jpeg,/kaggle/input/datasets/hintrngia/cxr-lung-masks/lung_masks/E-EE1CB872F9ABCF62B8C9A410.jpeg,5aaee41129018a2db8ae2df86ab383c80517a1408633dc56c4615f6b460b4be8,0
xai_sample_manifest_128_seed3407_balanced_64_64,3407,60,normal,E-EFAD2710B0F9E9CA19CFEDAD.jpeg,/kaggle/input/datasets/hintrngia/gate7-test-seal/opaque_test_images/images/E-EFAD2710B0F9E9CA19CFEDAD.jpeg,fde2c3bf0d0d2d322085d5cbae374938f524d97d3467baf13ea46336d0140cc1,E-EFAD2710B0F9E9CA19CFEDAD.jpeg,/kaggle/input/datasets/hintrngia/cxr-lung-masks/lung_masks/E-EFAD2710B0F9E9CA19CFEDAD.jpeg,802bad0c25acbb414ba9af4f7f64e0e6545c643095b6b70cc7689e16ad2bd469,0
xai_sample_manifest_128_seed3407_balanced_64_64,3407,61,normal,E-F32C5A7DA665488BF8EB2294.jpeg,/kaggle/input/datasets/hintrngia/gate7-test-seal/opaque_test_images/images/E-F32C5A7DA665488BF8EB2294.jpeg,048319d1dbffbad8a6f30497b2e544b4acff1d4ae28a2ab1550c008b4b3d33da,E-F32C5A7DA665488BF8EB2294.jpeg,/kaggle/input/datasets/hintrngia/cxr-lung-masks/lung_masks/E-F32C5A7DA665488BF8EB2294.jpeg,1e4c1baf234c2c8eb75b600245a643d7e6f9159d1ae34b0b438621b9ba78f427,0
xai_sample_manifest_128_seed3407_balanced_64_64,3407,62,normal,E-F57AB9616B464FB4687D409D.jpeg,/kaggle/input/datasets/hintrngia/gate7-test-seal/opaque_test_images/images/E-F57AB9616B464FB4687D409D.jpeg,3d4fed2aa62d75904ec26694e3c8dcfda4a4c1e303fe75f92e39a08b51698eb0,E-F57AB9616B464FB4687D409D.jpeg,/kaggle/input/datasets/hintrngia/cxr-lung-masks/lung_masks/E-F57AB9616B464FB4687D409D.jpeg,695d22fa6aee77eccefa69855c41adec84fc6e5ca00325bb755772373bb28988,0
xai_sample_manifest_128_seed3407_balanced_64_64,3407,63,normal,E-F803B5977A560D3CAEE3206F.jpeg,/kaggle/input/datasets/hintrngia/gate7-test-seal/opaque_test_images/images/E-F803B5977A560D3CAEE3206F.jpeg,4994c152ee76831c0945a9f33a130e62e585b3b2989fb1151b0375f94c87f30f,E-F803B5977A560D3CAEE3206F.jpeg,/kaggle/input/datasets/hintrngia/cxr-lung-masks/lung_masks/E-F803B5977A560D3CAEE3206F.jpeg,85588c75a33ed47864e032fedbc28a72dc47d9088b58f6c3950826696761eab3,0
xai_sample_manifest_128_seed3407_balanced_64_64,3407,64,pneumonia,E-018B83433C4DD934AA5C8B2B.jpeg,/kaggle/input/datasets/hintrngia/gate7-test-seal/opaque_test_images/images/E-018B83433C4DD934AA5C8B2B.jpeg,a8634a9ae9aabf8081424e38d0cf0ad48c52d3f37f421201141114fcabf76518,E-018B83433C4DD934AA5C8B2B.jpeg,/kaggle/input/datasets/hintrngia/cxr-lung-masks/lung_masks/E-018B83433C4DD934AA5C8B2B.jpeg,00426a3bfe6b65e71c3fde83e495b606d87fb7c88ee8265b8d3fe39598058b46,1
xai_sample_manifest_128_seed3407_balanced_64_64,3407,65,pneumonia,E-01E4EA18817F6CBD784D8ACE.jpeg,/kaggle/input/datasets/hintrngia/gate7-test-seal/opaque_test_images/images/E-01E4EA18817F6CBD784D8ACE.jpeg,c8e2d6cafb30abdc8d8d96403ab24651941dc17e413e35754b5e628b2e105592,E-01E4EA18817F6CBD784D8ACE.jpeg,/kaggle/input/datasets/hintrngia/cxr-lung-masks/lung_masks/E-01E4EA18817F6CBD784D8ACE.jpeg,14def93b54103b3242d530bd766577f7a39a4e6ea4afbda0d503529b59f497ed,1
xai_sample_manifest_128_seed3407_balanced_64_64,3407,66,pneumonia,E-0981A556ADE7F427711A3360.jpeg,/kaggle/input/datasets/hintrngia/gate7-test-seal/opaque_test_images/images/E-0981A556ADE7F427711A3360.jpeg,88e1f208f8f0b4fbc772d13f8d27a2b5d5ba9e2c36568160d968338c555d1535,E-0981A556ADE7F427711A3360.jpeg,/kaggle/input/datasets/hintrngia/cxr-lung-masks/lung_masks/E-0981A556ADE7F427711A3360.jpeg,f6ace9a2968b3f1f87fba354946ad2a9ed39212b05c8fe0cac188d766ec36a7b,1
xai_sample_manifest_128_seed3407_balanced_64_64,3407,67,pneumonia,E-0B7E667233F7AB135F8A84DD.jpeg,/kaggle/input/datasets/hintrngia/gate7-test-seal/opaque_test_images/images/E-0B7E667233F7AB135F8A84DD.jpeg,def59a1b4218b539a93b26c9f52a538e48dd4446826484c7e739bd63f370fb87,E-0B7E667233F7AB135F8A84DD.jpeg,/kaggle/input/datasets/hintrngia/cxr-lung-masks/lung_masks/E-0B7E667233F7AB135F8A84DD.jpeg,1c97f2af20bea5a721539a796e8705850130e49f66fde65cbf98b5510edacec5,1
xai_sample_manifest_128_seed3407_balanced_64_64,3407,68,pneumonia,E-122745006C7E29B76E58625B.jpeg,/kaggle/input/datasets/hintrngia/gate7-test-seal/opaque_test_images/images/E-122745006C7E29B76E58625B.jpeg,f4173e8706596ed3b1c2eb8db8f2d1fadc5ab2f11498a03be63186e1d122cf42,E-122745006C7E29B76E58625B.jpeg,/kaggle/input/datasets/hintrngia/cxr-lung-masks/lung_masks/E-122745006C7E29B76E58625B.jpeg,52bb22ee16547ae4cf43c1b4a3b680529a47b74aaea89594313e29f9e0ed53ac,1
xai_sample_manifest_128_seed3407_balanced_64_64,3407,69,pneumonia,E-1265B89238C345234A9C993B.jpeg,/kaggle/input/datasets/hintrngia/gate7-test-seal/opaque_test_images/images/E-1265B89238C345234A9C993B.jpeg,e3290b03b61f7355055cbee5fb1baa169c6f6ccba65d1f26cb40c7f0e293fa02,E-1265B89238C345234A9C993B.jpeg,/kaggle/input/datasets/hintrngia/cxr-lung-masks/lung_masks/E-1265B89238C345234A9C993B.jpeg,714bea6493e35361896f837e0a458875f1ebb666629949998b736eb79ee00227,1
xai_sample_manifest_128_seed3407_balanced_64_64,3407,70,pneumonia,E-1777E855F7110F5A72B38BC0.jpeg,/kaggle/input/datasets/hintrngia/gate7-test-seal/opaque_test_images/images/E-1777E855F7110F5A72B38BC0.jpeg,b935d180c82798bb8eaa9ab7b37eadec3a8d7eda3bdafa1d9925754d500c261e,E-1777E855F7110F5A72B38BC0.jpeg,/kaggle/input/datasets/hintrngia/cxr-lung-masks/lung_masks/E-1777E855F7110F5A72B38BC0.jpeg,ca7c6d97dc0ed35fea76d25a6de80a855aa0d5aae34dce36a39d649077607faa,1
xai_sample_manifest_128_seed3407_balanced_64_64,3407,71,pneumonia,E-198E88DB173F06A1227B639B.jpeg,/kaggle/input/datasets/hintrngia/gate7-test-seal/opaque_test_images/images/E-198E88DB173F06A1227B639B.jpeg,a6deabf34cfbf10bcfac2761cf61bbf9fd7c6eee7dfbcbf6ce251ab6c179d7d5,E-198E88DB173F06A1227B639B.jpeg,/kaggle/input/datasets/hintrngia/cxr-lung-masks/lung_masks/E-198E88DB173F06A1227B639B.jpeg,7ff5c8bf28ad97e9c6aafe458ea560d7063144c58981cb22bfcad2ec1b806485,1
xai_sample_manifest_128_seed3407_balanced_64_64,3407,72,pneumonia,E-1A06E979246F3D9634B22BF8.jpeg,/kaggle/input/datasets/hintrngia/gate7-test-seal/opaque_test_images/images/E-1A06E979246F3D9634B22BF8.jpeg,21523b6098d884e1f353f1c52d550d6b1f2b14ffad3921c1f81a550d4e1455d7,E-1A06E979246F3D9634B22BF8.jpeg,/kaggle/input/datasets/hintrngia/cxr-lung-masks/lung_masks/E-1A06E979246F3D9634B22BF8.jpeg,fb499eacbe3617cfe80e9c9b4fb7f8e13fd405f070f3ad1931d83ada399edac9,1
xai_sample_manifest_128_seed3407_balanced_64_64,3407,73,pneumonia,E-220D81ED5B8FE3B14418B9F7.jpeg,/kaggle/input/datasets/hintrngia/gate7-test-seal/opaque_test_images/images/E-220D81ED5B8FE3B14418B9F7.jpeg,1e4137cb15e026882232f71d00691c8dd3f140a76dc6f8812103f9fd99740259,E-220D81ED5B8FE3B14418B9F7.jpeg,/kaggle/input/datasets/hintrngia/cxr-lung-masks/lung_masks/E-220D81ED5B8FE3B14418B9F7.jpeg,cd0da3d5fd85064d43931300693fa5b47a8289d4429b0f8a166960a188329325,1
xai_sample_manifest_128_seed3407_balanced_64_64,3407,74,pneumonia,E-227257A6740CF45FAF02E456.jpeg,/kaggle/input/datasets/hintrngia/gate7-test-seal/opaque_test_images/images/E-227257A6740CF45FAF02E456.jpeg,bd44c025ae3237da3023732c0b781b335ee4248b3b56daf97070a60829136585,E-227257A6740CF45FAF02E456.jpeg,/kaggle/input/datasets/hintrngia/cxr-lung-masks/lung_masks/E-227257A6740CF45FAF02E456.jpeg,bf333c3d5bb6fa0be6882498f4491e9276bae1da6b6d8b6bbfd88ea9a304d451,1
xai_sample_manifest_128_seed3407_balanced_64_64,3407,75,pneumonia,E-2C0709EBA6450DCFB3BBB340.jpeg,/kaggle/input/datasets/hintrngia/gate7-test-seal/opaque_test_images/images/E-2C0709EBA6450DCFB3BBB340.jpeg,9723333b7edf849771fad4bba07c795399faf0622a7616243048aa8e099b0cdb,E-2C0709EBA6450DCFB3BBB340.jpeg,/kaggle/input/datasets/hintrngia/cxr-lung-masks/lung_masks/E-2C0709EBA6450DCFB3BBB340.jpeg,bcd68fef525305426843fb5638c9a39fca4b4ec3ab70ef26ac8d3add1ca972a5,1
xai_sample_manifest_128_seed3407_balanced_64_64,3407,76,pneumonia,E-30421FA65AB177DCD15E84C4.jpeg,/kaggle/input/datasets/hintrngia/gate7-test-seal/opaque_test_images/images/E-30421FA65AB177DCD15E84C4.jpeg,f08a120ad4440206393b5abee732ce7a23097a2ac225f55c268b175bc252f7cf,E-30421FA65AB177DCD15E84C4.jpeg,/kaggle/input/datasets/hintrngia/cxr-lung-masks/lung_masks/E-30421FA65AB177DCD15E84C4.jpeg,397720e7103049d489661052ef42dae0372b0b1a7840eb78d19e27dfaf4f4d8b,1
xai_sample_manifest_128_seed3407_balanced_64_64,3407,77,pneumonia,E-386D019ED9E9E8244987AC20.jpeg,/kaggle/input/datasets/hintrngia/gate7-test-seal/opaque_test_images/images/E-386D019ED9E9E8244987AC20.jpeg,4bc44b50e807ef8dbfe2f8c9fdfaefc4a2e84f64928dac37854309b0187191f8,E-386D019ED9E9E8244987AC20.jpeg,/kaggle/input/datasets/hintrngia/cxr-lung-masks/lung_masks/E-386D019ED9E9E8244987AC20.jpeg,afbd90ec67fe1f9c749d048ff29d428dbc0efefc994076f1dc8eb5fd210490fd,1
xai_sample_manifest_128_seed3407_balanced_64_64,3407,78,pneumonia,E-3AC987E53985CBAF71C33ABC.jpeg,/kaggle/input/datasets/hintrngia/gate7-test-seal/opaque_test_images/images/E-3AC987E53985CBAF71C33ABC.jpeg,34178254618df75b1a48004050b088dadcbfe266fe34007c03ccfb03c94f8e58,E-3AC987E53985CBAF71C33ABC.jpeg,/kaggle/input/datasets/hintrngia/cxr-lung-masks/lung_masks/E-3AC987E53985CBAF71C33ABC.jpeg,f2bf591f46bfefec6b7be551e64330016ab58ec99a9b70f04b6a15da40241efb,1
xai_sample_manifest_128_seed3407_balanced_64_64,3407,79,pneumonia,E-3EB4BE73D28C1518A6A12685.jpeg,/kaggle/input/datasets/hintrngia/gate7-test-seal/opaque_test_images/images/E-3EB4BE73D28C1518A6A12685.jpeg,229ccfca30ef2f47de5366d1098b7d1d3c49c41783938420053da56ec2ad4860,E-3EB4BE73D28C1518A6A12685.jpeg,/kaggle/input/datasets/hintrngia/cxr-lung-masks/lung_masks/E-3EB4BE73D28C1518A6A12685.jpeg,fa43608fadb24e522c416fbab8227d085131736a029ed4fdfe72149b3c979d93,1
xai_sample_manifest_128_seed3407_balanced_64_64,3407,80,pneumonia,E-401B5DEDAD367F085127D1DA.jpeg,/kaggle/input/datasets/hintrngia/gate7-test-seal/opaque_test_images/images/E-401B5DEDAD367F085127D1DA.jpeg,dac4f08d944df558f3331b6b0e479aabe4ba767074e6fdb423fbbce95aaa8551,E-401B5DEDAD367F085127D1DA.jpeg,/kaggle/input/datasets/hintrngia/cxr-lung-masks/lung_masks/E-401B5DEDAD367F085127D1DA.jpeg,dfe7d8317b72e920ee41f9042c9507c4d3247f0136b7ec175696c9bc5c0cec75,1
xai_sample_manifest_128_seed3407_balanced_64_64,3407,81,pneumonia,E-4329094918EDAAADE18246AB.jpeg,/kaggle/input/datasets/hintrngia/gate7-test-seal/opaque_test_images/images/E-4329094918EDAAADE18246AB.jpeg,d7b8b8a1b783b859b2c487ad1673d6c4cbe40e4b1f273d5efe9ee196dcc49237,E-4329094918EDAAADE18246AB.jpeg,/kaggle/input/datasets/hintrngia/cxr-lung-masks/lung_masks/E-4329094918EDAAADE18246AB.jpeg,57df121cd94081ce2213f1a1e96441400eafccf527080b909ef3a73e98bbbbda,1
xai_sample_manifest_128_seed3407_balanced_64_64,3407,82,pneumonia,E-443A80FA1DE791815F946FF9.jpeg,/kaggle/input/datasets/hintrngia/gate7-test-seal/opaque_test_images/images/E-443A80FA1DE791815F946FF9.jpeg,69a4c05578a96b6ba75fbef746671bdd4039c73d743da8ec75b8746df09092a7,E-443A80FA1DE791815F946FF9.jpeg,/kaggle/input/datasets/hintrngia/cxr-lung-masks/lung_masks/E-443A80FA1DE791815F946FF9.jpeg,46189dd814f9881fc5282867933ef05407ff817114e4c6aeda4228280c5f52b3,1
xai_sample_manifest_128_seed3407_balanced_64_64,3407,83,pneumonia,E-4B97630FB65DE326125E1DE1.jpeg,/kaggle/input/datasets/hintrngia/gate7-test-seal/opaque_test_images/images/E-4B97630FB65DE326125E1DE1.jpeg,fea046d013a42240a5f33f532730a3c3f55f0ff29e01ddd47ad6ac60bf7cc9bf,E-4B97630FB65DE326125E1DE1.jpeg,/kaggle/input/datasets/hintrngia/cxr-lung-masks/lung_masks/E-4B97630FB65DE326125E1DE1.jpeg,0b0fc6263c94392ab1880234afefc3bec8297902c73b7b3ba0ac0328d597d637,1
xai_sample_manifest_128_seed3407_balanced_64_64,3407,84,pneumonia,E-55F059ED3BB72FAD418A344C.jpeg,/kaggle/input/datasets/hintrngia/gate7-test-seal/opaque_test_images/images/E-55F059ED3BB72FAD418A344C.jpeg,e8b7572e65082e9482b651df5dd2afc0f412e735d3f43f70092dc84da7a92f6a,E-55F059ED3BB72FAD418A344C.jpeg,/kaggle/input/datasets/hintrngia/cxr-lung-masks/lung_masks/E-55F059ED3BB72FAD418A344C.jpeg,521db09e14a57cc37ae24dd9f23cf14ecacf22d523da3d62562a0f963c15efcb,1
xai_sample_manifest_128_seed3407_balanced_64_64,3407,85,pneumonia,E-6060B7AB38566FD26078DE5E.jpeg,/kaggle/input/datasets/hintrngia/gate7-test-seal/opaque_test_images/images/E-6060B7AB38566FD26078DE5E.jpeg,5747097f987b12bbf311f70766f3e588ad459ea16d1821e30299d063881814bd,E-6060B7AB38566FD26078DE5E.jpeg,/kaggle/input/datasets/hintrngia/cxr-lung-masks/lung_masks/E-6060B7AB38566FD26078DE5E.jpeg,9e78d64436d6125629885fdc707a59966174e7048d4bbfb37871d5f500e5f4af,1
xai_sample_manifest_128_seed3407_balanced_64_64,3407,86,pneumonia,E-638A63581494A3F6A20C2D9C.jpeg,/kaggle/input/datasets/hintrngia/gate7-test-seal/opaque_test_images/images/E-638A63581494A3F6A20C2D9C.jpeg,2b3c8f515fc91379af16eec786b457520098eb426f05139ae556fdcf4582dbfc,E-638A63581494A3F6A20C2D9C.jpeg,/kaggle/input/datasets/hintrngia/cxr-lung-masks/lung_masks/E-638A63581494A3F6A20C2D9C.jpeg,c3bc8651edc1565a857b10f100f057fde62185e222f80862b1065c3175f47747,1
xai_sample_manifest_128_seed3407_balanced_64_64,3407,87,pneumonia,E-63AE2F3741553AC167D0B283.jpeg,/kaggle/input/datasets/hintrngia/gate7-test-seal/opaque_test_images/images/E-63AE2F3741553AC167D0B283.jpeg,83c7d3854ca17014b17e47e6521478113045f8d75efa48af20fc2ebab817c2de,E-63AE2F3741553AC167D0B283.jpeg,/kaggle/input/datasets/hintrngia/cxr-lung-masks/lung_masks/E-63AE2F3741553AC167D0B283.jpeg,59653785b96ff5c5736c563c593cc028d8776f1ce85c761e394be3ee910718ea,1
xai_sample_manifest_128_seed3407_balanced_64_64,3407,88,pneumonia,E-63E40A6B7E9FE7A4F927B234.jpeg,/kaggle/input/datasets/hintrngia/gate7-test-seal/opaque_test_images/images/E-63E40A6B7E9FE7A4F927B234.jpeg,36ff1475e02b40a2e47ff11e9d480419c8baf3657bc018ba520514ba26cbeb70,E-63E40A6B7E9FE7A4F927B234.jpeg,/kaggle/input/datasets/hintrngia/cxr-lung-masks/lung_masks/E-63E40A6B7E9FE7A4F927B234.jpeg,3871afe053c2cdcd36bcb15887f5b32fb36912da29563f06900573250412db68,1
xai_sample_manifest_128_seed3407_balanced_64_64,3407,89,pneumonia,E-6C94FB136A3DC9D9B1FE1032.jpeg,/kaggle/input/datasets/hintrngia/gate7-test-seal/opaque_test_images/images/E-6C94FB136A3DC9D9B1FE1032.jpeg,a2dc59e8dea7b21d9872767d652ef9374956883efc903dc3e45d19fbddce704a,E-6C94FB136A3DC9D9B1FE1032.jpeg,/kaggle/input/datasets/hintrngia/cxr-lung-masks/lung_masks/E-6C94FB136A3DC9D9B1FE1032.jpeg,9f4106ca1d1297ceea9f60a22fca67917dfcb116fedc44fd2a7d3df754a235c7,1
xai_sample_manifest_128_seed3407_balanced_64_64,3407,90,pneumonia,E-6EBA6C5A4DF4C84E483A5386.jpeg,/kaggle/input/datasets/hintrngia/gate7-test-seal/opaque_test_images/images/E-6EBA6C5A4DF4C84E483A5386.jpeg,1770d9a3546e11b39fc18c8137f7f31398001fe716f9203710cbe8f8d4c4dc11,E-6EBA6C5A4DF4C84E483A5386.jpeg,/kaggle/input/datasets/hintrngia/cxr-lung-masks/lung_masks/E-6EBA6C5A4DF4C84E483A5386.jpeg,a387b0ab886c884b67a047ac0749c4b05099bb2d9c2bde9bdb21e6e3669b6576,1
xai_sample_manifest_128_seed3407_balanced_64_64,3407,91,pneumonia,E-73D66A02A1612F6E79C3F7EC.jpeg,/kaggle/input/datasets/hintrngia/gate7-test-seal/opaque_test_images/images/E-73D66A02A1612F6E79C3F7EC.jpeg,603b7db1059ef074156009eb1d6ca099ddb72bc6366f06e904d7f0439e04df63,E-73D66A02A1612F6E79C3F7EC.jpeg,/kaggle/input/datasets/hintrngia/cxr-lung-masks/lung_masks/E-73D66A02A1612F6E79C3F7EC.jpeg,1b4f6afab70537dfa0230fee936840e05a68e09bdbffb0a2afa2724803bd8557,1
xai_sample_manifest_128_seed3407_balanced_64_64,3407,92,pneumonia,E-7725ED8C0E93C0BF91B23FCE.jpeg,/kaggle/input/datasets/hintrngia/gate7-test-seal/opaque_test_images/images/E-7725ED8C0E93C0BF91B23FCE.jpeg,5d776a77b2672593c84ac741226191e1615b82faa28b428300a3de53143afed7,E-7725ED8C0E93C0BF91B23FCE.jpeg,/kaggle/input/datasets/hintrngia/cxr-lung-masks/lung_masks/E-7725ED8C0E93C0BF91B23FCE.jpeg,9e6299040b322314a8c0e5578016de46265793f83c72f8d4813714d1eda566b9,1
xai_sample_manifest_128_seed3407_balanced_64_64,3407,93,pneumonia,E-77D4D0C371CD4C8665643C00.jpeg,/kaggle/input/datasets/hintrngia/gate7-test-seal/opaque_test_images/images/E-77D4D0C371CD4C8665643C00.jpeg,7ad2cdb376ffda676ee1ca1c336eaba2d2112d203c2cd39e133254c670933957,E-77D4D0C371CD4C8665643C00.jpeg,/kaggle/input/datasets/hintrngia/cxr-lung-masks/lung_masks/E-77D4D0C371CD4C8665643C00.jpeg,e35503167321388c29fca63a909fb2a1bcd30c9a082c7108333377e83bc67694,1
xai_sample_manifest_128_seed3407_balanced_64_64,3407,94,pneumonia,E-7B805F2D3984459EDD091000.jpeg,/kaggle/input/datasets/hintrngia/gate7-test-seal/opaque_test_images/images/E-7B805F2D3984459EDD091000.jpeg,0ba10667f41e446b24910fa53fccd7311ed51716e626216ac05be70b73820445,E-7B805F2D3984459EDD091000.jpeg,/kaggle/input/datasets/hintrngia/cxr-lung-masks/lung_masks/E-7B805F2D3984459EDD091000.jpeg,87dc605a541242d8a02375a88fa5b851372ca27fd893cb983917e0b9182f0a76,1
xai_sample_manifest_128_seed3407_balanced_64_64,3407,95,pneumonia,E-8B99D004F7E59741CFAB602B.jpeg,/kaggle/input/datasets/hintrngia/gate7-test-seal/opaque_test_images/images/E-8B99D004F7E59741CFAB602B.jpeg,7fb537a957bf8405ab31114c608fc786314b1bd77beb7c5ad03f54de72ecdeea,E-8B99D004F7E59741CFAB602B.jpeg,/kaggle/input/datasets/hintrngia/cxr-lung-masks/lung_masks/E-8B99D004F7E59741CFAB602B.jpeg,88762fd55cac9ff57e63b7660136956ff42a95896825cf96bd04db55530acd80,1
xai_sample_manifest_128_seed3407_balanced_64_64,3407,96,pneumonia,E-8E859FAC3770F43BC30CF790.jpeg,/kaggle/input/datasets/hintrngia/gate7-test-seal/opaque_test_images/images/E-8E859FAC3770F43BC30CF790.jpeg,a6d44c5ea53636e638a9f02d5f41cc07e22aeea2cd0c47d6b17de46c1efcb5fc,E-8E859FAC3770F43BC30CF790.jpeg,/kaggle/input/datasets/hintrngia/cxr-lung-masks/lung_masks/E-8E859FAC3770F43BC30CF790.jpeg,ceb3eee5e6e1285af2b2025bb25abc8089c159c20b5a6a5f4f094d9ff84568dc,1
xai_sample_manifest_128_seed3407_balanced_64_64,3407,97,pneumonia,E-9A9C78D1B9953A6FD2BA65F6.jpeg,/kaggle/input/datasets/hintrngia/gate7-test-seal/opaque_test_images/images/E-9A9C78D1B9953A6FD2BA65F6.jpeg,e9b5f3891ac7c4aad81cf62c546abcdd65e4b2926fccd700efe15623b5c2f914,E-9A9C78D1B9953A6FD2BA65F6.jpeg,/kaggle/input/datasets/hintrngia/cxr-lung-masks/lung_masks/E-9A9C78D1B9953A6FD2BA65F6.jpeg,f722bdf049a152b487cc1536d9321eaadef45db085bb950ca39a3916f77384c3,1
xai_sample_manifest_128_seed3407_balanced_64_64,3407,98,pneumonia,E-9B56CC62692974C989F872CC.jpeg,/kaggle/input/datasets/hintrngia/gate7-test-seal/opaque_test_images/images/E-9B56CC62692974C989F872CC.jpeg,7598c6cb9617667da1fd97858c181d4e4379f4dec019d40c859fcefc3da3b4da,E-9B56CC62692974C989F872CC.jpeg,/kaggle/input/datasets/hintrngia/cxr-lung-masks/lung_masks/E-9B56CC62692974C989F872CC.jpeg,620e78d50e3333ce5bcae1815165926c92d42bd0e70fc82a11693173f008e6d7,1
xai_sample_manifest_128_seed3407_balanced_64_64,3407,99,pneumonia,E-9FC76B9714A55204D742CE4C.jpeg,/kaggle/input/datasets/hintrngia/gate7-test-seal/opaque_test_images/images/E-9FC76B9714A55204D742CE4C.jpeg,3c602c9107cfb732b330c10e1ff3e19e758b156b5f264c7fdd7d4d7ecb09fb16,E-9FC76B9714A55204D742CE4C.jpeg,/kaggle/input/datasets/hintrngia/cxr-lung-masks/lung_masks/E-9FC76B9714A55204D742CE4C.jpeg,560edba5ee21de28e814a263381e2c7e65a2bfd3b189affc89b459728c11eaf9,1
xai_sample_manifest_128_seed3407_balanced_64_64,3407,100,pneumonia,E-A0A20FFCEFD96663F4AB4E87.jpeg,/kaggle/input/datasets/hintrngia/gate7-test-seal/opaque_test_images/images/E-A0A20FFCEFD96663F4AB4E87.jpeg,0df8b23400330b618b01f0302085f38c4f0f009143daea5c8e329a7e38210d00,E-A0A20FFCEFD96663F4AB4E87.jpeg,/kaggle/input/datasets/hintrngia/cxr-lung-masks/lung_masks/E-A0A20FFCEFD96663F4AB4E87.jpeg,c1829b0e16e4bc7620f74c2702ab76564e8e6f0922e2bcce3abcffa02c4f2350,1
xai_sample_manifest_128_seed3407_balanced_64_64,3407,101,pneumonia,E-A0D5A9410E976B289DD85CF6.jpeg,/kaggle/input/datasets/hintrngia/gate7-test-seal/opaque_test_images/images/E-A0D5A9410E976B289DD85CF6.jpeg,47f8621a6792945a17afc16025aa1e27688bd8ff536d58e223da7fe14af6ef9f,E-A0D5A9410E976B289DD85CF6.jpeg,/kaggle/input/datasets/hintrngia/cxr-lung-masks/lung_masks/E-A0D5A9410E976B289DD85CF6.jpeg,97a52e76538930177fe8c4a6fd5104d92ef847ea7889ea19c462077207575a8c,1
xai_sample_manifest_128_seed3407_balanced_64_64,3407,102,pneumonia,E-A540763BCA2A1AF575A9EE6B.jpeg,/kaggle/input/datasets/hintrngia/gate7-test-seal/opaque_test_images/images/E-A540763BCA2A1AF575A9EE6B.jpeg,33776c7742e62fdfa374a80b5051a1840ff340d1f31897f374709e33e1f08f98,E-A540763BCA2A1AF575A9EE6B.jpeg,/kaggle/input/datasets/hintrngia/cxr-lung-masks/lung_masks/E-A540763BCA2A1AF575A9EE6B.jpeg,b57d1ea7c6b85124fb8ab6e4eddff6e03a7a41ad8c89e4f1310a9a947745551b,1
xai_sample_manifest_128_seed3407_balanced_64_64,3407,103,pneumonia,E-A9AC7ECA864D894719491A2C.jpeg,/kaggle/input/datasets/hintrngia/gate7-test-seal/opaque_test_images/images/E-A9AC7ECA864D894719491A2C.jpeg,ef40a4d6800faaf5936ab38dcd13fecd1837fa03e7f188899445c2a3c8042dca,E-A9AC7ECA864D894719491A2C.jpeg,/kaggle/input/datasets/hintrngia/cxr-lung-masks/lung_masks/E-A9AC7ECA864D894719491A2C.jpeg,a3d4c38b4ecd87ee51b0b6affd7edd2f9f5737e153a7403b6ddf6cca3ac76ce9,1
xai_sample_manifest_128_seed3407_balanced_64_64,3407,104,pneumonia,E-B15903E1E2039605DB9FB6A1.jpeg,/kaggle/input/datasets/hintrngia/gate7-test-seal/opaque_test_images/images/E-B15903E1E2039605DB9FB6A1.jpeg,6211aa5bb73c2aa1d598bf2ebe7c14ac6617552c031523c1c73c9528f2d6b2e3,E-B15903E1E2039605DB9FB6A1.jpeg,/kaggle/input/datasets/hintrngia/cxr-lung-masks/lung_masks/E-B15903E1E2039605DB9FB6A1.jpeg,7a86eff8c3c88fd6456e422255bb3b63c8cf4195cf0f8a385adbf363ebe37956,1
xai_sample_manifest_128_seed3407_balanced_64_64,3407,105,pneumonia,E-B29F964F9024332A9FD3DA8C.jpeg,/kaggle/input/datasets/hintrngia/gate7-test-seal/opaque_test_images/images/E-B29F964F9024332A9FD3DA8C.jpeg,5eb833628fe61989f0a3d9640fc774305a08f6a633f5b0cefaecb10b0d53a63c,E-B29F964F9024332A9FD3DA8C.jpeg,/kaggle/input/datasets/hintrngia/cxr-lung-masks/lung_masks/E-B29F964F9024332A9FD3DA8C.jpeg,f033a9f8f3ffcb31235fab87b5d94a4985638db964cf4f38bac04cac036d85d8,1
xai_sample_manifest_128_seed3407_balanced_64_64,3407,106,pneumonia,E-B352C843937DC9BD58C4B554.jpeg,/kaggle/input/datasets/hintrngia/gate7-test-seal/opaque_test_images/images/E-B352C843937DC9BD58C4B554.jpeg,6d202cc2790011f040d1e320128360322f71234bf262e738267f689f310b88cc,E-B352C843937DC9BD58C4B554.jpeg,/kaggle/input/datasets/hintrngia/cxr-lung-masks/lung_masks/E-B352C843937DC9BD58C4B554.jpeg,247d7387d186abfe9f72b81aa383bd5eca7e26c84d04c31c76e887d3ad418042,1
xai_sample_manifest_128_seed3407_balanced_64_64,3407,107,pneumonia,E-B41848B096ED1788DCCEEDA2.jpeg,/kaggle/input/datasets/hintrngia/gate7-test-seal/opaque_test_images/images/E-B41848B096ED1788DCCEEDA2.jpeg,5389275ad14e1e7a421076129060b69bdea9f3bcc66501575958885cd7de57c7,E-B41848B096ED1788DCCEEDA2.jpeg,/kaggle/input/datasets/hintrngia/cxr-lung-masks/lung_masks/E-B41848B096ED1788DCCEEDA2.jpeg,5a22b2f2cca0f6efd02cc370a5e35ee7c8faebaeef5a2ac7c5871bd48286a7cf,1
xai_sample_manifest_128_seed3407_balanced_64_64,3407,108,pneumonia,E-B813D1454C73F6C74F660590.jpeg,/kaggle/input/datasets/hintrngia/gate7-test-seal/opaque_test_images/images/E-B813D1454C73F6C74F660590.jpeg,b7c8c0e20270de648b553cf68332eb0ff1aa6abcbeeeda6a13ddbc5ad89b6d34,E-B813D1454C73F6C74F660590.jpeg,/kaggle/input/datasets/hintrngia/cxr-lung-masks/lung_masks/E-B813D1454C73F6C74F660590.jpeg,d5ac77f6c6ea93b26ba1339a8e8b802b666b9633e0f7badea12ef97efb475c4f,1
xai_sample_manifest_128_seed3407_balanced_64_64,3407,109,pneumonia,E-BF1AD901130E35A45E611B5A.jpeg,/kaggle/input/datasets/hintrngia/gate7-test-seal/opaque_test_images/images/E-BF1AD901130E35A45E611B5A.jpeg,4d47cf537a11260253e4f7209234a6d4bb19153ba4eb6eb979ca597af74b9712,E-BF1AD901130E35A45E611B5A.jpeg,/kaggle/input/datasets/hintrngia/cxr-lung-masks/lung_masks/E-BF1AD901130E35A45E611B5A.jpeg,0d7fd918d566d724dd31aa02f2ed00fa2baa81efdd999b661fc3bedf20f92d79,1
xai_sample_manifest_128_seed3407_balanced_64_64,3407,110,pneumonia,E-BFFC08BEA9A0FA7A1279A0B5.jpeg,/kaggle/input/datasets/hintrngia/gate7-test-seal/opaque_test_images/images/E-BFFC08BEA9A0FA7A1279A0B5.jpeg,bd9bc6eca80af125516814dfb5b16be8c65c05e345274f5b865ac3ed97c71a92,E-BFFC08BEA9A0FA7A1279A0B5.jpeg,/kaggle/input/datasets/hintrngia/cxr-lung-masks/lung_masks/E-BFFC08BEA9A0FA7A1279A0B5.jpeg,0ea936082d5849ec7dc706b259e9d21bdb977441475f2fae094c83ced76b4edc,1
xai_sample_manifest_128_seed3407_balanced_64_64,3407,111,pneumonia,E-C378B1871ED2B8AC1E544A5B.jpeg,/kaggle/input/datasets/hintrngia/gate7-test-seal/opaque_test_images/images/E-C378B1871ED2B8AC1E544A5B.jpeg,ca4d0ee64f1e9db6cff3873532d8d201a0591897889cd2e4e183a46037d20a73,E-C378B1871ED2B8AC1E544A5B.jpeg,/kaggle/input/datasets/hintrngia/cxr-lung-masks/lung_masks/E-C378B1871ED2B8AC1E544A5B.jpeg,386d9497202dbc83f64a35ad46c92ff4c0e7396965c97c6a03355d6279337dee,1
xai_sample_manifest_128_seed3407_balanced_64_64,3407,112,pneumonia,E-D2A52B478FEFC3F6A00973AF.jpeg,/kaggle/input/datasets/hintrngia/gate7-test-seal/opaque_test_images/images/E-D2A52B478FEFC3F6A00973AF.jpeg,b4dfd127dcb0306a38e10006b06066c49dbb7b8d90b36462dd3ca7d368463dc7,E-D2A52B478FEFC3F6A00973AF.jpeg,/kaggle/input/datasets/hintrngia/cxr-lung-masks/lung_masks/E-D2A52B478FEFC3F6A00973AF.jpeg,ab1e61730d3ac132492671b727da6e43ac0446c5ca07b277c73df94a5cc638d2,1
xai_sample_manifest_128_seed3407_balanced_64_64,3407,113,pneumonia,E-D33BB0B839138FAFF4DA3ED6.jpeg,/kaggle/input/datasets/hintrngia/gate7-test-seal/opaque_test_images/images/E-D33BB0B839138FAFF4DA3ED6.jpeg,d6990906ae464d9d49f7bb823083af37dcef78625c573376bbf03231e7c59caa,E-D33BB0B839138FAFF4DA3ED6.jpeg,/kaggle/input/datasets/hintrngia/cxr-lung-masks/lung_masks/E-D33BB0B839138FAFF4DA3ED6.jpeg,0f906ee14391ad8e0900bbc27e914c20aec20c07f81e5532752422a9b1b252bc,1
xai_sample_manifest_128_seed3407_balanced_64_64,3407,114,pneumonia,E-DA47F22802134421DB0B257A.jpeg,/kaggle/input/datasets/hintrngia/gate7-test-seal/opaque_test_images/images/E-DA47F22802134421DB0B257A.jpeg,49cd860731316213f4918762f6aee8e1d8c2e2865e75532746d8980cb4d5349c,E-DA47F22802134421DB0B257A.jpeg,/kaggle/input/datasets/hintrngia/cxr-lung-masks/lung_masks/E-DA47F22802134421DB0B257A.jpeg,a8f2d4a42b2c4d8b7333fe2e2fae91c18d1d6e771994f7b40f9f8a75ab16d350,1
xai_sample_manifest_128_seed3407_balanced_64_64,3407,115,pneumonia,E-E09BD72833F7B4079F215903.jpeg,/kaggle/input/datasets/hintrngia/gate7-test-seal/opaque_test_images/images/E-E09BD72833F7B4079F215903.jpeg,a6e548fca86a28ba0d6c1bfeb2763772f908438f265161c2db595a6f70e2162d,E-E09BD72833F7B4079F215903.jpeg,/kaggle/input/datasets/hintrngia/cxr-lung-masks/lung_masks/E-E09BD72833F7B4079F215903.jpeg,f6c20b24fcdada1ca09e64631e588388347f303018a513de1cf65b25fce0d66e,1
xai_sample_manifest_128_seed3407_balanced_64_64,3407,116,pneumonia,E-E0D541D212A934D795DA0D1B.jpeg,/kaggle/input/datasets/hintrngia/gate7-test-seal/opaque_test_images/images/E-E0D541D212A934D795DA0D1B.jpeg,96c522cc35ed96ff42ce07a929cdae18ac5329ac8609045092590e06fe2ce600,E-E0D541D212A934D795DA0D1B.jpeg,/kaggle/input/datasets/hintrngia/cxr-lung-masks/lung_masks/E-E0D541D212A934D795DA0D1B.jpeg,e1a25a6ca63798d1215f45643e6db6200c1d4ed0cf4aaeacbb0a997645badb5b,1
xai_sample_manifest_128_seed3407_balanced_64_64,3407,117,pneumonia,E-E1AD2A3BA30BC31AC67A922E.jpeg,/kaggle/input/datasets/hintrngia/gate7-test-seal/opaque_test_images/images/E-E1AD2A3BA30BC31AC67A922E.jpeg,1e4bf30a6971d6d11a6e8beb9a706b9896ee03ccbec3f734d85ea6f7361e0f7b,E-E1AD2A3BA30BC31AC67A922E.jpeg,/kaggle/input/datasets/hintrngia/cxr-lung-masks/lung_masks/E-E1AD2A3BA30BC31AC67A922E.jpeg,04a40b5b0f09f94b0f01966aa9b8296e1e2357fd9637613bfa5fb6d80abcf742,1
xai_sample_manifest_128_seed3407_balanced_64_64,3407,118,pneumonia,E-E280E4CD8F00E10AB30B96C9.jpeg,/kaggle/input/datasets/hintrngia/gate7-test-seal/opaque_test_images/images/E-E280E4CD8F00E10AB30B96C9.jpeg,89b2e8f1d3f68eccb3a1de0e3f34b123d14e3efe4b767585480213f3d1cc3a92,E-E280E4CD8F00E10AB30B96C9.jpeg,/kaggle/input/datasets/hintrngia/cxr-lung-masks/lung_masks/E-E280E4CD8F00E10AB30B96C9.jpeg,cffb36243dd44dd8806a1eab0c03b64efcb6f9bbc1a7061e08c63bd32e1ac62d,1
xai_sample_manifest_128_seed3407_balanced_64_64,3407,119,pneumonia,E-E2EF7E089A1E8F497DBAC1CB.jpeg,/kaggle/input/datasets/hintrngia/gate7-test-seal/opaque_test_images/images/E-E2EF7E089A1E8F497DBAC1CB.jpeg,0cf89026cf317b2ee4a8e5a2e5c213caa122df664add7a12232fbaf7d38bd8c0,E-E2EF7E089A1E8F497DBAC1CB.jpeg,/kaggle/input/datasets/hintrngia/cxr-lung-masks/lung_masks/E-E2EF7E089A1E8F497DBAC1CB.jpeg,99614ba650073dc7e3c3d95bc79690a15bc2e3cfd8bff3378604e8b2a3a72ba0,1
xai_sample_manifest_128_seed3407_balanced_64_64,3407,120,pneumonia,E-E7BF66D9C027E263610D5923.jpeg,/kaggle/input/datasets/hintrngia/gate7-test-seal/opaque_test_images/images/E-E7BF66D9C027E263610D5923.jpeg,2f27201ef69865c54368e2a458be0d18c19fd770c628cca926cdccc177101ba6,E-E7BF66D9C027E263610D5923.jpeg,/kaggle/input/datasets/hintrngia/cxr-lung-masks/lung_masks/E-E7BF66D9C027E263610D5923.jpeg,13cea3fef8f03e3e56d472fbfe26ecd74e1c216201f928f45333600c7a9b8ea4,1
xai_sample_manifest_128_seed3407_balanced_64_64,3407,121,pneumonia,E-EB1401E2B7015C0BDE01BE91.jpeg,/kaggle/input/datasets/hintrngia/gate7-test-seal/opaque_test_images/images/E-EB1401E2B7015C0BDE01BE91.jpeg,6950638f7233878b93ffe5d14e19f97fac6abec8d5987c0b4716ed74c07d399b,E-EB1401E2B7015C0BDE01BE91.jpeg,/kaggle/input/datasets/hintrngia/cxr-lung-masks/lung_masks/E-EB1401E2B7015C0BDE01BE91.jpeg,fb62b1331053552c8fc872c30a516ea102b6545d2f6a4ab8500aac615ed637d6,1
xai_sample_manifest_128_seed3407_balanced_64_64,3407,122,pneumonia,E-EB344A640162B22F1A6C369F.jpeg,/kaggle/input/datasets/hintrngia/gate7-test-seal/opaque_test_images/images/E-EB344A640162B22F1A6C369F.jpeg,15afb994e0cfc6ce69b9d136d7c1ffb5ea6e4bec92835c2150be7f725b872f05,E-EB344A640162B22F1A6C369F.jpeg,/kaggle/input/datasets/hintrngia/cxr-lung-masks/lung_masks/E-EB344A640162B22F1A6C369F.jpeg,69d553c75cea7fd968b348b5322d8074506383d25bdfc7be9abe7e3e2b789c88,1
xai_sample_manifest_128_seed3407_balanced_64_64,3407,123,pneumonia,E-EC00E01864643AB223676743.jpeg,/kaggle/input/datasets/hintrngia/gate7-test-seal/opaque_test_images/images/E-EC00E01864643AB223676743.jpeg,1d67e98b6eb1bb726181f2d6b4460ebd349609a5d025697375ce738d2ad50f02,E-EC00E01864643AB223676743.jpeg,/kaggle/input/datasets/hintrngia/cxr-lung-masks/lung_masks/E-EC00E01864643AB223676743.jpeg,0e0435242fc46ca6fe68391e62ed391803d4fac8ae23a09c071ee8a9be1d02e5,1
xai_sample_manifest_128_seed3407_balanced_64_64,3407,124,pneumonia,E-EF92BEF2BC79AC7D99E44B1F.jpeg,/kaggle/input/datasets/hintrngia/gate7-test-seal/opaque_test_images/images/E-EF92BEF2BC79AC7D99E44B1F.jpeg,2e0943d7b802f3f6bbcf0b99fd0550ef28cacd543a2bca67df83a044b463dc41,E-EF92BEF2BC79AC7D99E44B1F.jpeg,/kaggle/input/datasets/hintrngia/cxr-lung-masks/lung_masks/E-EF92BEF2BC79AC7D99E44B1F.jpeg,22f8efe9fd91c526f137caebb747be719e0667e45e677c539c49aab1d8e33843,1
xai_sample_manifest_128_seed3407_balanced_64_64,3407,125,pneumonia,E-F051ECCC0E91B0C03A0B3894.jpeg,/kaggle/input/datasets/hintrngia/gate7-test-seal/opaque_test_images/images/E-F051ECCC0E91B0C03A0B3894.jpeg,2dfe6ccd038830b4f9541b4afe8881e62535eef372c7d5753b19a449f8e95164,E-F051ECCC0E91B0C03A0B3894.jpeg,/kaggle/input/datasets/hintrngia/cxr-lung-masks/lung_masks/E-F051ECCC0E91B0C03A0B3894.jpeg,e287bf0ac1471c1953ae152d68e6ccffdee638d50bfc04550a27f9296b7ce661,1
xai_sample_manifest_128_seed3407_balanced_64_64,3407,126,pneumonia,E-FA7B18636100FBD243EBAF3A.jpeg,/kaggle/input/datasets/hintrngia/gate7-test-seal/opaque_test_images/images/E-FA7B18636100FBD243EBAF3A.jpeg,62e8901e2ff2812de5ca50dcaf14e923527f3c861b2d3ff6c218a6dce13987a8,E-FA7B18636100FBD243EBAF3A.jpeg,/kaggle/input/datasets/hintrngia/cxr-lung-masks/lung_masks/E-FA7B18636100FBD243EBAF3A.jpeg,9b00d643467a3e819a4a747cd4c371457b06bf7978a64c0eb22c775223e8dd1d,1
xai_sample_manifest_128_seed3407_balanced_64_64,3407,127,pneumonia,E-FDAF56855798F8C5BE7AC652.jpeg,/kaggle/input/datasets/hintrngia/gate7-test-seal/opaque_test_images/images/E-FDAF56855798F8C5BE7AC652.jpeg,23d5f0551404749a0be4a8c2936233a0fbe9a82ac9cca685a0f889478816d3ce,E-FDAF56855798F8C5BE7AC652.jpeg,/kaggle/input/datasets/hintrngia/cxr-lung-masks/lung_masks/E-FDAF56855798F8C5BE7AC652.jpeg,a0dd63826535dd45453c6d435dfc319a7bc34c0a6b892a275e7c3f6d5b27e4f7,1
